,criterion,max_depth,max_features,max_leaf_nodes,n_estimators,mean_fit_time,mean_score_time,mean_train_score,std_train_score,mean_test_score,std_test_score,rank_test_score
617,mae,40,,200.0,25,1.0898997783660889,0.008027791976928711,-3.5140228571428556,0.0,-17.330090000000002,0.0,1
497,mae,20,,200.0,25,1.1388287544250488,0.008078813552856445,-3.520137142857141,0.0,-17.330090000000002,0.0,1
677,mae,50,,200.0,25,1.0941534042358398,0.006239175796508789,-3.5140228571428556,0.0,-17.330090000000002,0.0,1
557,mae,30,,200.0,25,1.0956482887268066,0.008011579513549805,-3.5140228571428556,0.0,-17.330090000000002,0.0,1
437,mae,10,,200.0,25,1.1137664318084717,0.008116483688354492,-3.7784799999999996,0.0,-17.426689999999997,0.0,5
673,mae,50,,100.0,25,1.1159179210662842,0.012956619262695312,-4.507968571428571,0.0,-17.46534,0.0,6
613,mae,40,,100.0,25,1.0417616367340088,0.012146234512329102,-4.507968571428571,0.0,-17.46534,0.0,6
553,mae,30,,100.0,25,1.0211718082427979,0.008035421371459961,-4.507968571428571,0.0,-17.46534,0.0,6
493,mae,20,,100.0,25,1.1233389377593994,0.008037567138671875,-4.507968571428571,0.0,-17.46534,0.0,6
433,mae,10,,100.0,25,2.2762229442596436,0.021778345108032227,-4.560894285714286,0.0,-17.484,0.0,10
618,mae,40,,200.0,50,2.1957740783691406,0.012034416198730469,-3.4250914285714296,0.0,-17.570594999999997,0.0,11
498,mae,20,,200.0,50,2.223958730697632,0.016071081161499023,-3.427720000000001,0.0,-17.570594999999997,0.0,11
558,mae,30,,200.0,50,2.234208822250366,0.026477813720703125,-3.4250914285714296,0.0,-17.570594999999997,0.0,11
678,mae,50,,200.0,50,2.264174461364746,0.012380838394165039,-3.4250914285714296,0.0,-17.570594999999997,0.0,11
438,mae,10,,200.0,50,2.2107229232788086,0.0160367488861084,-3.7113914285714293,0.0,-17.650325000000002,0.0,15
494,mae,20,,100.0,50,2.030168294906616,0.012158870697021484,-4.388057142857143,0.0,-17.70548,0.0,16
674,mae,50,,100.0,50,2.2381434440612793,0.01605701446533203,-4.388057142857143,0.0,-17.70548,0.0,16
554,mae,30,,100.0,50,2.033174514770508,0.01453542709350586,-4.388057142857143,0.0,-17.70548,0.0,16
614,mae,40,,100.0,50,2.081545829772949,0.016310691833496094,-4.388057142857143,0.0,-17.70548,0.0,16
434,mae,10,,100.0,50,4.685489654541016,0.0351252555847168,-4.446161428571429,0.0,-17.737745,0.0,20
549,mae,30,,50.0,25,0.9338533878326416,0.008967876434326172,-6.242211428571428,0.0,-17.753980000000002,0.0,21
429,mae,10,,50.0,25,2.1116960048675537,0.02220940589904785,-6.242211428571428,0.0,-17.753980000000002,0.0,21
609,mae,40,,50.0,25,1.0768778324127197,0.010235786437988281,-6.242211428571428,0.0,-17.753980000000002,0.0,21
489,mae,20,,50.0,25,1.0414276123046875,0.010644197463989258,-6.242211428571428,0.0,-17.753980000000002,0.0,21
669,mae,50,,50.0,25,1.0864872932434082,0.009127378463745117,-6.242211428571428,0.0,-17.753980000000002,0.0,21
420,mae,10,,,10,0.9854710102081299,0.01922297477722168,-3.8688357142857144,0.0,-17.765725000000003,0.0,26
377,mae,5,,200.0,25,1.6293678283691406,0.020912885665893555,-8.367377142857144,0.0,-17.837190000000003,0.0,27
369,mae,5,,50.0,25,1.7242348194122314,0.020005464553833008,-8.367377142857144,0.0,-17.837190000000003,0.0,27
373,mae,5,,100.0,25,1.7713303565979004,0.02057194709777832,-8.367377142857144,0.0,-17.837190000000003,0.0,27
422,mae,10,,,50,4.324256896972656,0.04822230339050293,-3.686247142857145,0.0,-17.901284999999998,0.0,30
421,mae,10,,,25,2.3296995162963867,0.020000457763671875,-3.6827371428571425,0.0,-18.00134,0.0,31
430,mae,10,,50.0,50,4.186323642730713,0.032149314880371094,-6.12156,0.0,-18.00448,0.0,32
610,mae,40,,50.0,50,1.879032850265503,0.012246370315551758,-6.121248571428571,0.0,-18.00648,0.0,33
490,mae,20,,50.0,50,1.8841252326965332,0.012046098709106445,-6.121248571428571,0.0,-18.00648,0.0,33
550,mae,30,,50.0,50,1.8576915264129639,0.009147405624389648,-6.121248571428571,0.0,-18.00648,0.0,33
670,mae,50,,50.0,50,1.8492095470428467,0.013333559036254883,-6.121248571428571,0.0,-18.00648,0.0,33
256,mse,40,,200.0,10,0.08693838119506836,0.007210731506347656,-3.5560107477256655,0.0,-18.042549331224333,0.0,37
316,mse,50,,200.0,10,0.18375658988952637,0.014997482299804688,-3.5560107477256655,0.0,-18.042549331224333,0.0,37
136,mse,20,,200.0,10,0.07931828498840332,0.008092641830444336,-3.5560107477256655,0.0,-18.042549331224333,0.0,37
196,mse,30,,200.0,10,0.07904863357543945,0.008191823959350586,-3.5560107477256655,0.0,-18.042549331224333,0.0,37
132,mse,20,,100.0,10,0.09941482543945312,0.008020162582397461,-4.408508003963885,0.0,-18.049053539007417,0.0,41
252,mse,40,,100.0,10,0.16951417922973633,0.012000083923339844,-4.408508003963885,0.0,-18.049053539007417,0.0,41
312,mse,50,,100.0,10,0.17642998695373535,0.012007713317871094,-4.408508003963885,0.0,-18.049053539007417,0.0,41
192,mse,30,,100.0,10,0.07388949394226074,0.0040547847747802734,-4.408508003963885,0.0,-18.049053539007417,0.0,41
423,mae,10,,,100,9.916213035583496,0.049957990646362305,-3.6012978571428564,0.0,-18.052125000000004,0.0,45
602,mae,40,,,50,2.3202130794525146,0.016097545623779297,-3.266425714285715,0.0,-18.058239999999998,0.0,46
662,mae,50,,,50,2.320058584213257,0.016185522079467773,-3.266425714285715,0.0,-18.058239999999998,0.0,46
542,mae,30,,,50,2.4591307640075684,0.015178203582763672,-3.266425714285715,0.0,-18.058239999999998,0.0,46
72,mse,10,,100.0,10,0.07490801811218262,0.005861520767211914,-4.392776962332809,0.0,-18.078709753894312,0.0,49
76,mse,10,,200.0,10,0.07841300964355469,0.008080244064331055,-3.63214376921616,0.0,-18.089062631305165,0.0,50
482,mae,20,,,50,2.429835796356201,0.01606273651123047,-3.263002857142857,0.0,-18.102849999999993,0.0,51
480,mae,20,,,10,0.5319175720214844,0.009058475494384766,-3.7298857142857145,0.0,-18.10445,0.0,52
481,mae,20,,,25,1.149144172668457,0.012046337127685547,-3.321102857142857,0.0,-18.15994,0.0,53
601,mae,40,,,25,1.1189069747924805,0.008043050765991211,-3.3198628571428563,0.0,-18.173679999999997,0.0,54
541,mae,30,,,25,1.3891775608062744,0.008019447326660156,-3.3198628571428563,0.0,-18.173679999999997,0.0,54
661,mae,50,,,25,1.14091157913208,0.012052297592163086,-3.3198628571428563,0.0,-18.173679999999997,0.0,54
540,mae,30,,,10,0.4835360050201416,0.009450197219848633,-3.687471428571428,0.0,-18.17545,0.0,57
660,mae,50,,,10,0.46131229400634766,0.006214141845703125,-3.687471428571428,0.0,-18.17545,0.0,57
600,mae,40,,,10,0.4447593688964844,0.008020401000976562,-3.687471428571428,0.0,-18.17545,0.0,57
365,mae,5,,25.0,25,1.7139794826507568,0.02001047134399414,-8.825380000000001,0.0,-18.19268,0.0,60
368,mae,5,,50.0,10,0.685030460357666,0.016000986099243164,-8.656814285714287,0.0,-18.19745,0.0,61
376,mae,5,,200.0,10,0.7170844078063965,0.015551567077636719,-8.656814285714287,0.0,-18.19745,0.0,61
372,mae,5,,100.0,10,0.7011566162109375,0.016278505325317383,-8.656814285714287,0.0,-18.19745,0.0,61
543,mae,30,,,100,4.629303693771362,0.03613877296447754,-3.267472857142857,0.0,-18.205920000000006,0.0,64
603,mae,40,,,100,4.621575832366943,0.02215743064880371,-3.267472857142857,0.0,-18.205920000000006,0.0,64
663,mae,50,,,100,4.9130730628967285,0.02005743980407715,-3.267472857142857,0.0,-18.205920000000006,0.0,64
619,mae,40,,200.0,100,4.580076694488525,0.024072885513305664,-3.4295885714285705,0.0,-18.232250000000008,0.0,67
559,mae,30,,200.0,100,4.433075428009033,0.021315336227416992,-3.4295885714285705,0.0,-18.232250000000008,0.0,67
679,mae,50,,200.0,100,4.520503044128418,0.031209945678710938,-3.4295885714285705,0.0,-18.232250000000008,0.0,67
499,mae,20,,200.0,100,4.920966386795044,0.020050764083862305,-3.4308957142857137,0.0,-18.232625000000006,0.0,70
60,mse,10,,,10,0.08121061325073242,0.009660720825195312,-3.6254833526155408,0.0,-18.267781671809725,0.0,71
257,mse,40,,200.0,25,0.2033381462097168,0.011126279830932617,-3.2420201477290216,0.0,-18.28602155324783,0.0,72
137,mse,20,,200.0,25,0.2395925521850586,0.00805974006652832,-3.2420201477290216,0.0,-18.28602155324783,0.0,72
317,mse,50,,200.0,25,0.46416306495666504,0.021595478057861328,-3.2420201477290216,0.0,-18.28602155324783,0.0,72
197,mse,30,,200.0,25,0.1863410472869873,0.008090734481811523,-3.2420201477290216,0.0,-18.28602155324783,0.0,72
439,mae,10,,200.0,100,4.456692457199097,0.04466414451599121,-3.678490714285714,0.0,-18.299392500000003,0.0,76
483,mae,20,,,100,4.504817247390747,0.020061731338500977,-3.263709285714286,0.0,-18.308035,0.0,77
378,mae,5,,200.0,50,3.5880050659179688,0.028165340423583984,-8.233797142857144,0.0,-18.314954999999994,0.0,78
374,mae,5,,100.0,50,3.561366558074951,0.028110265731811523,-8.233797142857144,0.0,-18.314954999999994,0.0,78
370,mae,5,,50.0,50,3.437274694442749,0.0284881591796875,-8.233797142857144,0.0,-18.314954999999994,0.0,78
61,mse,10,,,25,0.18741607666015625,0.006809234619140625,-3.2643948135125824,0.0,-18.334785925646568,0.0,81
361,mae,5,,,25,1.7132041454315186,0.019571304321289062,-8.216205714285715,0.0,-18.35435,0.0,82
77,mse,10,,200.0,25,0.2053356170654297,0.008006572723388672,-3.3276432825522337,0.0,-18.360087062272832,0.0,83
428,mae,10,,50.0,10,0.814626932144165,0.015732288360595703,-6.605921428571429,0.0,-18.383374999999997,0.0,84
488,mae,20,,50.0,10,0.41823434829711914,0.004032611846923828,-6.605921428571429,0.0,-18.383374999999997,0.0,84
668,mae,50,,50.0,10,0.42059803009033203,0.007987260818481445,-6.605921428571429,0.0,-18.383374999999997,0.0,84
608,mae,40,,50.0,10,0.46416163444519043,0.010580301284790039,-6.605921428571429,0.0,-18.383374999999997,0.0,84
548,mae,30,,50.0,10,0.37406396865844727,0.006181240081787109,-6.605921428571429,0.0,-18.383374999999997,0.0,84
435,mae,10,,100.0,100,7.5882728099823,0.0213162899017334,-4.429255,0.0,-18.384590000000003,0.0,89
555,mae,30,,100.0,100,4.200329065322876,0.021152734756469727,-4.384436428571428,0.0,-18.393205000000002,0.0,90
675,mae,50,,100.0,100,4.0869550704956055,0.020092010498046875,-4.384436428571428,0.0,-18.393205000000002,0.0,90
495,mae,20,,100.0,100,4.433742046356201,0.018055200576782227,-4.384436428571428,0.0,-18.393205000000002,0.0,90
615,mae,40,,100.0,100,4.406795024871826,0.020069360733032227,-4.384436428571428,0.0,-18.393205000000002,0.0,90
133,mse,20,,100.0,25,0.20992231369018555,0.007352352142333984,-4.17030243347361,0.0,-18.421954174285148,0.0,94
193,mse,30,,100.0,25,0.17545151710510254,0.008092403411865234,-4.17030243347361,0.0,-18.421954174285148,0.0,94
313,mse,50,,100.0,25,0.4006791114807129,0.01750326156616211,-4.17030243347361,0.0,-18.421954174285148,0.0,94
253,mse,40,,100.0,25,0.4499502182006836,0.021289348602294922,-4.17030243347361,0.0,-18.421954174285148,0.0,94
73,mse,10,,100.0,25,0.1719679832458496,0.008067607879638672,-4.176226159491507,0.0,-18.42352332930009,0.0,98
425,mae,10,,25.0,25,1.8538856506347656,0.0240023136138916,-8.643034285714286,0.0,-18.441450000000003,0.0,99
665,mae,50,,25.0,25,0.8327891826629639,0.008002519607543945,-8.643034285714286,0.0,-18.441450000000003,0.0,99
605,mae,40,,25.0,25,0.8694858551025391,0.017333030700683594,-8.643034285714286,0.0,-18.441450000000003,0.0,99
485,mae,20,,25.0,25,0.8773586750030518,0.008033275604248047,-8.643034285714286,0.0,-18.441450000000003,0.0,99
545,mae,30,,25.0,25,0.8814296722412109,0.011380434036254883,-8.643034285714286,0.0,-18.441450000000003,0.0,99
366,mae,5,,25.0,50,3.806835174560547,0.02802586555480957,-8.670971428571429,0.0,-18.451175,0.0,104
240,mse,40,,,10,0.07988190650939941,0.009386539459228516,-3.5001142857142855,0.0,-18.49245,0.0,105
300,mse,50,,,10,0.1804659366607666,0.014437675476074219,-3.5001142857142855,0.0,-18.49245,0.0,105
180,mse,30,,,10,0.08416223526000977,0.0067272186279296875,-3.5001142857142855,0.0,-18.49245,0.0,105
120,mse,20,,,10,0.12149667739868164,0.008012533187866211,-3.5001142857142855,0.0,-18.49245,0.0,105
432,mae,10,,100.0,10,0.9390709400177002,0.012675762176513672,-4.799892857142857,0.0,-18.527874999999998,0.0,109
188,mse,30,,50.0,10,0.2012333869934082,0.019722700119018555,-6.248121031541085,0.0,-18.556381799196107,0.0,110
128,mse,20,,50.0,10,0.0678551197052002,0.008080244064331055,-6.248121031541085,0.0,-18.556381799196107,0.0,110
248,mse,40,,50.0,10,0.09191155433654785,0.012360334396362305,-6.248121031541085,0.0,-18.556381799196107,0.0,110
308,mse,50,,50.0,10,0.15036582946777344,0.013396501541137695,-6.248121031541085,0.0,-18.556381799196107,0.0,110
68,mse,10,,50.0,10,0.0664980411529541,0.003997325897216797,-6.248121031541085,0.0,-18.556381799196107,0.0,110
436,mae,10,,200.0,10,0.6091487407684326,0.01682734489440918,-4.007571428571429,0.0,-18.576675,0.0,115
363,mae,5,,,100,6.931401252746582,0.04281210899353027,-8.142264285714285,0.0,-18.5826425,0.0,116
492,mae,20,,100.0,10,0.4433753490447998,0.00867462158203125,-4.780578571428571,0.0,-18.589025,0.0,117
612,mae,40,,100.0,10,0.4104931354522705,0.008030414581298828,-4.780578571428571,0.0,-18.589025,0.0,117
672,mae,50,,100.0,10,0.4140129089355469,0.007959842681884766,-4.780578571428571,0.0,-18.589025,0.0,117
552,mae,30,,100.0,10,0.4048464298248291,0.005192995071411133,-4.780578571428571,0.0,-18.589025,0.0,117
364,mae,5,,25.0,10,0.7485635280609131,0.014309883117675781,-9.1251,0.0,-18.596325,0.0,121
666,mae,50,,25.0,50,1.671722650527954,0.012049674987792969,-8.46254857142857,0.0,-18.60139,0.0,122
546,mae,30,,25.0,50,1.740851879119873,0.01024484634399414,-8.46254857142857,0.0,-18.60139,0.0,122
606,mae,40,,25.0,50,1.7482664585113525,0.012037038803100586,-8.46254857142857,0.0,-18.60139,0.0,122
486,mae,20,,25.0,50,1.7970523834228516,0.0179746150970459,-8.46254857142857,0.0,-18.60139,0.0,122
426,mae,10,,25.0,50,3.7653191089630127,0.02820110321044922,-8.46254857142857,0.0,-18.60139,0.0,122
301,mse,50,,,25,0.3974316120147705,0.02173590660095215,-3.1506971428571418,0.0,-18.665280000000003,0.0,127
241,mse,40,,,25,0.2087850570678711,0.018066883087158203,-3.1506971428571418,0.0,-18.665280000000003,0.0,127
181,mse,30,,,25,0.19368290901184082,0.010080099105834961,-3.1506971428571418,0.0,-18.665280000000003,0.0,127
121,mse,20,,,25,0.23200178146362305,0.011967658996582031,-3.1506971428571418,0.0,-18.665280000000003,0.0,127
362,mae,5,,,50,3.4973015785217285,0.02226090431213379,-8.146101428571429,0.0,-18.676374999999997,0.0,131
496,mae,20,,200.0,10,0.49351000785827637,0.009575843811035156,-3.8303857142857134,0.0,-18.693875000000002,0.0,132
676,mae,50,,200.0,10,0.438523530960083,0.008045434951782227,-3.8303857142857134,0.0,-18.693875000000002,0.0,132
556,mae,30,,200.0,10,0.43399882316589355,0.004074573516845703,-3.8303857142857134,0.0,-18.693875000000002,0.0,132
616,mae,40,,200.0,10,0.5455682277679443,0.006345033645629883,-3.8303857142857134,0.0,-18.693875000000002,0.0,132
431,mae,10,,50.0,100,8.46628999710083,0.049764394760131836,-6.0677185714285695,0.0,-18.72575,0.0,136
371,mae,5,,50.0,100,7.354924201965332,0.04401659965515137,-8.146306428571426,0.0,-18.726572499999996,0.0,137
375,mae,5,,100.0,100,6.93061375617981,0.04803657531738281,-8.146306428571426,0.0,-18.726572499999996,0.0,137
379,mae,5,,200.0,100,6.956508159637451,0.05994224548339844,-8.146306428571426,0.0,-18.726572499999996,0.0,137
551,mae,30,,50.0,100,3.969048023223877,0.019394874572753906,-6.068506428571427,0.0,-18.728375,0.0,140
611,mae,40,,50.0,100,3.9930167198181152,0.020674943923950195,-6.068506428571427,0.0,-18.728375,0.0,140
671,mae,50,,50.0,100,3.923246145248413,0.022447586059570312,-6.068506428571427,0.0,-18.728375,0.0,140
491,mae,20,,50.0,100,3.8400583267211914,0.02201223373413086,-6.068506428571427,0.0,-18.728375,0.0,140
544,mae,30,,25.0,10,0.3710136413574219,0.013627767562866211,-8.99242857142857,0.0,-18.79195,0.0,144
484,mae,20,,25.0,10,0.3610656261444092,0.008038520812988281,-8.99242857142857,0.0,-18.79195,0.0,144
664,mae,50,,25.0,10,0.3902597427368164,0.00801992416381836,-8.99242857142857,0.0,-18.79195,0.0,144
424,mae,10,,25.0,10,0.7588553428649902,0.016132593154907227,-8.99242857142857,0.0,-18.79195,0.0,144
604,mae,40,,25.0,10,0.3403315544128418,0.004017829895019531,-8.99242857142857,0.0,-18.79195,0.0,144
189,mse,30,,50.0,25,0.46149134635925293,0.022979736328125,-6.044845967330166,0.0,-18.82396126900462,0.0,149
129,mse,20,,50.0,25,0.15613055229187012,0.006201744079589844,-6.044845967330166,0.0,-18.82396126900462,0.0,149
249,mse,40,,50.0,25,0.36876940727233887,0.021167755126953125,-6.044845967330166,0.0,-18.82396126900462,0.0,149
69,mse,10,,50.0,25,0.15848469734191895,0.011198282241821289,-6.044845967330166,0.0,-18.82396126900462,0.0,149
309,mse,50,,50.0,25,0.3289222717285156,0.016028881072998047,-6.044845967330166,0.0,-18.82396126900462,0.0,149
16,mse,5,,200.0,10,0.10472226142883301,0.013341665267944336,-8.077591526212652,0.0,-18.834332912523486,0.0,154
12,mse,5,,100.0,10,0.12102508544921875,0.009954452514648438,-8.077591526212652,0.0,-18.834332912523486,0.0,154
8,mse,5,,50.0,10,0.08033108711242676,0.01130986213684082,-8.077591526212652,0.0,-18.834332912523486,0.0,154
0,mse,5,,,10,0.2189946174621582,0.011839866638183594,-8.02018305531018,0.0,-18.883183018264976,0.0,157
242,mse,40,,,50,0.60359787940979,0.029067277908325195,-3.1597171428571436,0.0,-18.91058,0.0,158
302,mse,50,,,50,0.870065450668335,0.030445337295532227,-3.1597171428571436,0.0,-18.91058,0.0,158
122,mse,20,,,50,0.3781590461730957,0.016156435012817383,-3.1597171428571436,0.0,-18.91058,0.0,158
182,mse,30,,,50,0.4135575294494629,0.012038230895996094,-3.1597171428571436,0.0,-18.91058,0.0,158
367,mae,5,,25.0,100,6.972101926803589,0.048120737075805664,-8.576459999999999,0.0,-18.917079999999995,0.0,162
360,mae,5,,,10,0.6824045181274414,0.014415979385375977,-8.492214285714287,0.0,-18.931924999999996,0.0,163
198,mse,30,,200.0,50,0.3718991279602051,0.01205754280090332,-3.2822037824116808,0.0,-18.963163101712134,0.0,164
258,mse,40,,200.0,50,0.38405561447143555,0.015378236770629883,-3.2822037824116808,0.0,-18.963163101712134,0.0,164
318,mse,50,,200.0,50,0.8292474746704102,0.0228269100189209,-3.2822037824116808,0.0,-18.963163101712134,0.0,164
138,mse,20,,200.0,50,0.4699265956878662,0.012025594711303711,-3.2822037824116808,0.0,-18.963163101712134,0.0,164
74,mse,10,,100.0,50,0.3457047939300537,0.01027059555053711,-4.194737088879611,0.0,-19.005855387680025,0.0,168
194,mse,30,,100.0,50,0.34006476402282715,0.011745691299438477,-4.184574094240418,0.0,-19.02163044524185,0.0,169
134,mse,20,,100.0,50,0.34627771377563477,0.012644290924072266,-4.184574094240418,0.0,-19.02163044524185,0.0,169
254,mse,40,,100.0,50,0.5123248100280762,0.0193634033203125,-4.184574094240418,0.0,-19.02163044524185,0.0,169
314,mse,50,,100.0,50,0.768202543258667,0.02995443344116211,-4.184574094240418,0.0,-19.02163044524185,0.0,169
78,mse,10,,200.0,50,0.41766881942749023,0.012090444564819336,-3.377377991961396,0.0,-19.02274295517205,0.0,173
62,mse,10,,,50,0.3670985698699951,0.013418197631835938,-3.27929604289794,0.0,-19.11178890801827,0.0,174
4,mse,5,,25.0,10,0.05617547035217285,0.00803232192993164,-8.692736768593617,0.0,-19.199756348617612,0.0,175
547,mae,30,,25.0,100,3.506941556930542,0.020034313201904297,-8.329259999999998,0.0,-19.310874999999996,0.0,176
487,mae,20,,25.0,100,3.40252685546875,0.02009725570678711,-8.329259999999998,0.0,-19.310874999999996,0.0,176
667,mae,50,,25.0,100,3.5388290882110596,0.01946878433227539,-8.329259999999998,0.0,-19.310874999999996,0.0,176
607,mae,40,,25.0,100,3.370246171951294,0.02934741973876953,-8.329259999999998,0.0,-19.310874999999996,0.0,176
427,mae,10,,25.0,100,7.771846771240234,0.059324026107788086,-8.329259999999998,0.0,-19.310874999999996,0.0,176
310,mse,50,,50.0,50,0.7198412418365479,0.028313159942626953,-5.887831493574407,0.0,-19.335585271498623,0.0,181
190,mse,30,,50.0,50,0.5587782859802246,0.014988183975219727,-5.887831493574407,0.0,-19.335585271498623,0.0,181
70,mse,10,,50.0,50,0.30124974250793457,0.012053966522216797,-5.887831493574407,0.0,-19.335585271498623,0.0,181
250,mse,40,,50.0,50,0.7258405685424805,0.03185439109802246,-5.887831493574407,0.0,-19.335585271498623,0.0,181
130,mse,20,,50.0,50,0.3024899959564209,0.011989355087280273,-5.887831493574407,0.0,-19.335585271498623,0.0,181
1,mse,5,,,25,0.16320419311523438,0.011307239532470703,-7.839826875519759,0.0,-19.34010431016522,0.0,186
63,mse,10,,,100,0.8883492946624756,0.020373821258544922,-3.265700110950337,0.0,-19.350899732446056,0.0,187
139,mse,20,,200.0,100,0.7299990653991699,0.018187284469604492,-3.2488065194958238,0.0,-19.352281364268347,0.0,188
319,mse,50,,200.0,100,1.590080976486206,0.05552172660827637,-3.2488065194958238,0.0,-19.352281364268347,0.0,188
259,mse,40,,200.0,100,0.9314992427825928,0.022916555404663086,-3.2488065194958238,0.0,-19.352281364268347,0.0,188
199,mse,30,,200.0,100,0.7315435409545898,0.018546581268310547,-3.2488065194958238,0.0,-19.352281364268347,0.0,188
183,mse,30,,,100,0.87557053565979,0.024082422256469727,-3.137991428571428,0.0,-19.365790000000008,0.0,192
303,mse,50,,,100,1.708416223526001,0.06131744384765625,-3.137991428571428,0.0,-19.365790000000008,0.0,192
243,mse,40,,,100,0.9505510330200195,0.04029250144958496,-3.137991428571428,0.0,-19.365790000000008,0.0,192
123,mse,20,,,100,0.7486929893493652,0.019982337951660156,-3.137991428571428,0.0,-19.365790000000008,0.0,192
17,mse,5,,200.0,25,0.22588682174682617,0.0106048583984375,-7.840084836279231,0.0,-19.371578888284773,0.0,196
13,mse,5,,100.0,25,0.1320021152496338,0.008041858673095703,-7.840084836279231,0.0,-19.371578888284773,0.0,196
9,mse,5,,50.0,25,0.1430647373199463,0.012134075164794922,-7.840084836279231,0.0,-19.371578888284773,0.0,196
79,mse,10,,200.0,100,0.7194123268127441,0.023595571517944336,-3.3455329085046275,0.0,-19.39335591357512,0.0,199
195,mse,30,,100.0,100,0.6760976314544678,0.0241854190826416,-4.146292360868069,0.0,-19.424899191420103,0.0,200
315,mse,50,,100.0,100,1.4930930137634277,0.04192471504211426,-4.146292360868069,0.0,-19.424899191420103,0.0,200
135,mse,20,,100.0,100,0.6791839599609375,0.024183988571166992,-4.146292360868069,0.0,-19.424899191420103,0.0,200
255,mse,40,,100.0,100,0.8543798923492432,0.020170211791992188,-4.146292360868069,0.0,-19.424899191420103,0.0,200
75,mse,10,,100.0,100,0.6935746669769287,0.018145084381103516,-4.157841845733929,0.0,-19.429001000338232,0.0,204
64,mse,10,,25.0,10,0.05942416191101074,0.008022308349609375,-8.725532429171693,0.0,-19.489234314977157,0.0,205
304,mse,50,,25.0,10,0.13741707801818848,0.011973381042480469,-8.725532429171693,0.0,-19.489234314977157,0.0,205
184,mse,30,,25.0,10,0.05863499641418457,0.008020877838134766,-8.725532429171693,0.0,-19.489234314977157,0.0,205
244,mse,40,,25.0,10,0.09373021125793457,0.01033639907836914,-8.725532429171693,0.0,-19.489234314977157,0.0,205
124,mse,20,,25.0,10,0.06260871887207031,0.0040018558502197266,-8.725532429171693,0.0,-19.489234314977157,0.0,205
5,mse,5,,25.0,25,0.1600966453552246,0.014417409896850586,-8.535773649511798,0.0,-19.758009447145536,0.0,210
2,mse,5,,,50,0.43356871604919434,0.015936851501464844,-7.712992476695885,0.0,-19.832071500827574,0.0,211
71,mse,10,,50.0,100,0.6112353801727295,0.020166397094726562,-5.847386398395732,0.0,-19.852901158814635,0.0,212
251,mse,40,,50.0,100,1.458315372467041,0.04799962043762207,-5.847386398395732,0.0,-19.852901158814635,0.0,212
311,mse,50,,50.0,100,1.3970611095428467,0.0478975772857666,-5.847386398395732,0.0,-19.852901158814635,0.0,212
131,mse,20,,50.0,100,0.6052989959716797,0.023136615753173828,-5.847386398395732,0.0,-19.852901158814635,0.0,212
191,mse,30,,50.0,100,0.7032613754272461,0.02441573143005371,-5.847386398395732,0.0,-19.852901158814635,0.0,212
18,mse,5,,200.0,50,0.2854914665222168,0.01676487922668457,-7.715410638383241,0.0,-19.91971442832196,0.0,217
10,mse,5,,50.0,50,0.3464195728302002,0.01572561264038086,-7.715410638383241,0.0,-19.91971442832196,0.0,217
14,mse,5,,100.0,50,0.24924111366271973,0.01605820655822754,-7.715410638383241,0.0,-19.91971442832196,0.0,217
125,mse,20,,25.0,25,0.1386716365814209,0.008018970489501953,-8.597408942835976,0.0,-20.060193915478436,0.0,220
245,mse,40,,25.0,25,0.15180420875549316,0.011338233947753906,-8.597408942835976,0.0,-20.060193915478436,0.0,220
65,mse,10,,25.0,25,0.14329147338867188,0.008031845092773438,-8.597408942835976,0.0,-20.060193915478436,0.0,220
185,mse,30,,25.0,25,0.13948869705200195,0.008032560348510742,-8.597408942835976,0.0,-20.060193915478436,0.0,220
305,mse,50,,25.0,25,0.267988920211792,0.02082657814025879,-8.597408942835976,0.0,-20.060193915478436,0.0,220
3,mse,5,,,100,0.6829538345336914,0.024207353591918945,-7.6896863086454275,0.0,-20.22433734122119,0.0,225
6,mse,5,,25.0,50,0.3337225914001465,0.013250589370727539,-8.334620815302234,0.0,-20.242936916177722,0.0,226
126,mse,20,,25.0,50,0.2742338180541992,0.012093067169189453,-8.332638527753458,0.0,-20.411253994600543,0.0,227
66,mse,10,,25.0,50,0.27576208114624023,0.012070417404174805,-8.332638527753458,0.0,-20.411253994600543,0.0,227
186,mse,30,,25.0,50,0.3507204055786133,0.01914072036743164,-8.332638527753458,0.0,-20.411253994600543,0.0,227
246,mse,40,,25.0,50,0.364368200302124,0.013278722763061523,-8.332638527753458,0.0,-20.411253994600543,0.0,227
306,mse,50,,25.0,50,0.5783650875091553,0.027253150939941406,-8.332638527753458,0.0,-20.411253994600543,0.0,227
11,mse,5,,50.0,100,0.5376904010772705,0.03358149528503418,-7.688422403475575,0.0,-20.44138525805042,0.0,232
19,mse,5,,200.0,100,0.6687302589416504,0.020189762115478516,-7.688422403475575,0.0,-20.44138525805042,0.0,232
15,mse,5,,100.0,100,0.5632102489471436,0.03150749206542969,-7.688422403475575,0.0,-20.44138525805042,0.0,232
7,mse,5,,25.0,100,0.5562946796417236,0.020494937896728516,-8.292795778137071,0.0,-20.76563618371524,0.0,235
247,mse,40,,25.0,100,0.8091354370117188,0.02257990837097168,-8.252427986663308,0.0,-20.912551871957675,0.0,236
307,mse,50,,25.0,100,1.1943659782409668,0.06488418579101562,-8.252427986663308,0.0,-20.912551871957675,0.0,236
67,mse,10,,25.0,100,0.6410012245178223,0.022503137588500977,-8.252427986663308,0.0,-20.912551871957675,0.0,236
187,mse,30,,25.0,100,0.8578810691833496,0.02632927894592285,-8.252427986663308,0.0,-20.912551871957675,0.0,236
127,mse,20,,25.0,100,0.5466251373291016,0.016964197158813477,-8.252427986663308,0.0,-20.912551871957675,0.0,236
683,mae,50,sqrt,,100,1.335916519165039,0.024182796478271484,-4.534042857142858,0.0,-23.423595000000013,0.0,241
563,mae,30,sqrt,,100,1.2242345809936523,0.021973133087158203,-4.534042857142858,0.0,-23.423595000000013,0.0,241
623,mae,40,sqrt,,100,1.2291197776794434,0.020078420639038086,-4.534042857142858,0.0,-23.423595000000013,0.0,241
501,mae,20,sqrt,,25,0.3134915828704834,0.007993698120117188,-5.1558399999999995,0.0,-23.52928,0.0,244
503,mae,20,sqrt,,100,1.3226895332336426,0.02225351333618164,-4.526281428571431,0.0,-23.593770000000017,0.0,245
459,mae,10,sqrt,200.0,100,1.118034839630127,0.02005743980407715,-5.497989999999999,0.0,-23.661007500000004,0.0,246
681,mae,50,sqrt,,25,0.3091599941253662,0.00808405876159668,-5.2058228571428575,0.0,-23.781599999999997,0.0,247
561,mae,30,sqrt,,25,0.31165552139282227,0.008019685745239258,-5.2058228571428575,0.0,-23.781599999999997,0.0,247
621,mae,40,sqrt,,25,0.31166982650756836,0.010240554809570312,-5.2058228571428575,0.0,-23.781599999999997,0.0,247
639,mae,40,sqrt,200.0,100,1.157667875289917,0.023773908615112305,-5.01493357142857,0.0,-23.85500500000001,0.0,250
579,mae,30,sqrt,200.0,100,1.1923491954803467,0.04082822799682617,-5.01493357142857,0.0,-23.85500500000001,0.0,250
699,mae,50,sqrt,200.0,100,1.207824945449829,0.021573305130004883,-5.01493357142857,0.0,-23.85500500000001,0.0,250
519,mae,20,sqrt,200.0,100,1.1475834846496582,0.024442195892333984,-5.01493357142857,0.0,-23.85500500000001,0.0,250
562,mae,30,sqrt,,50,0.6210060119628906,0.01605057716369629,-4.890865714285715,0.0,-23.888029999999993,0.0,254
622,mae,40,sqrt,,50,0.6191849708557129,0.016018390655517578,-4.890865714285715,0.0,-23.888029999999993,0.0,254
682,mae,50,sqrt,,50,0.757164716720581,0.028009653091430664,-4.890865714285715,0.0,-23.888029999999993,0.0,254
502,mae,20,sqrt,,50,0.6219673156738281,0.012047767639160156,-4.901797142857144,0.0,-23.9459,0.0,257
455,mae,10,sqrt,100.0,100,1.0784790515899658,0.02331233024597168,-6.773515714285716,0.0,-24.044707500000005,0.0,258
97,mse,10,sqrt,200.0,25,0.08890557289123535,0.008076906204223633,-5.79517584638684,0.0,-24.12268086943175,0.0,259
515,mae,20,sqrt,100.0,100,1.0594425201416016,0.0192868709564209,-6.626787142857143,0.0,-24.224835000000002,0.0,260
575,mae,30,sqrt,100.0,100,1.063708782196045,0.017824411392211914,-6.626787142857143,0.0,-24.224835000000002,0.0,260
695,mae,50,sqrt,100.0,100,1.042954921722412,0.028894662857055664,-6.626787142857143,0.0,-24.224835000000002,0.0,260
635,mae,40,sqrt,100.0,100,1.061800241470337,0.033028364181518555,-6.626787142857143,0.0,-24.224835000000002,0.0,260
440,mae,10,sqrt,,10,0.16138076782226562,0.008020401000976562,-6.846064285714287,0.0,-24.295900000000003,0.0,264
83,mse,10,sqrt,,100,0.3413114547729492,0.021311521530151367,-4.873945922162176,0.0,-24.52059279380408,0.0,265
203,mse,30,sqrt,,100,0.3596682548522949,0.02006053924560547,-4.1579257142857164,0.0,-24.612775000000006,0.0,266
263,mse,40,sqrt,,100,0.4576246738433838,0.019093751907348633,-4.1579257142857164,0.0,-24.612775000000006,0.0,266
323,mse,50,sqrt,,100,0.8435478210449219,0.048775434494018555,-4.1579257142857164,0.0,-24.612775000000006,0.0,266
143,mse,20,sqrt,,100,0.3582322597503662,0.024090290069580078,-4.174975000000002,0.0,-24.640125000000012,0.0,269
157,mse,20,sqrt,200.0,25,0.0924222469329834,0.01209259033203125,-5.317103578745271,0.0,-24.643287859435542,0.0,270
217,mse,30,sqrt,200.0,25,0.0977025032043457,0.01209259033203125,-5.317103578745271,0.0,-24.643287859435542,0.0,270
337,mse,50,sqrt,200.0,25,0.21435904502868652,0.0213623046875,-5.317103578745271,0.0,-24.643287859435542,0.0,270
277,mse,40,sqrt,200.0,25,0.1145322322845459,0.013264179229736328,-5.317103578745271,0.0,-24.643287859435542,0.0,270
443,mae,10,sqrt,,100,1.2871959209442139,0.032723426818847656,-5.496362142857144,0.0,-24.643537500000008,0.0,274
202,mse,30,sqrt,,50,0.18501567840576172,0.014277219772338867,-4.292057142857144,0.0,-24.654889999999995,0.0,275
322,mse,50,sqrt,,50,0.4532582759857178,0.031116485595703125,-4.292057142857144,0.0,-24.654889999999995,0.0,275
262,mse,40,sqrt,,50,0.18819952011108398,0.012000322341918945,-4.292057142857144,0.0,-24.654889999999995,0.0,275
142,mse,20,sqrt,,50,0.31400418281555176,0.012681007385253906,-4.315627142857143,0.0,-24.689389999999992,0.0,278
521,mae,20,log2,,25,0.3835785388946533,0.008097171783447266,-5.688399999999999,0.0,-24.693299999999994,0.0,279
201,mse,30,sqrt,,25,0.09888625144958496,0.01174783706665039,-4.393131428571428,0.0,-24.724379999999996,0.0,280
261,mse,40,sqrt,,25,0.11735796928405762,0.012000083923339844,-4.393131428571428,0.0,-24.724379999999996,0.0,280
141,mse,20,sqrt,,25,0.09909343719482422,0.008010625839233398,-4.393131428571428,0.0,-24.724379999999996,0.0,280
321,mse,50,sqrt,,25,0.22127127647399902,0.018576383590698242,-4.393131428571428,0.0,-24.724379999999996,0.0,280
93,mse,10,sqrt,100.0,25,0.18723464012145996,0.010084867477416992,-6.913422247639504,0.0,-24.76368693410568,0.0,284
99,mse,10,sqrt,200.0,100,0.35164713859558105,0.020097970962524414,-5.139493588151318,0.0,-24.794520991720397,0.0,285
442,mae,10,sqrt,,50,0.7603509426116943,0.011893987655639648,-5.659897142857144,0.0,-24.831409999999995,0.0,286
279,mse,40,sqrt,200.0,100,0.42136478424072266,0.02632451057434082,-4.763771911295247,0.0,-24.95592508941005,0.0,287
159,mse,20,sqrt,200.0,100,0.34839892387390137,0.022088050842285156,-4.763771911295247,0.0,-24.95592508941005,0.0,287
339,mse,50,sqrt,200.0,100,0.8241500854492188,0.04501700401306152,-4.763771911295247,0.0,-24.95592508941005,0.0,287
219,mse,30,sqrt,200.0,100,0.3533143997192383,0.022147178649902344,-4.763771911295247,0.0,-24.95592508941005,0.0,287
95,mse,10,sqrt,100.0,100,0.32779955863952637,0.020331144332885742,-6.265749395119869,0.0,-24.970246490972304,0.0,291
581,mae,30,log2,,25,0.3776230812072754,0.00810098648071289,-5.692817142857143,0.0,-25.015839999999994,0.0,292
701,mae,50,log2,,25,0.3197009563446045,0.009387016296386719,-5.692817142857143,0.0,-25.015839999999994,0.0,292
641,mae,40,log2,,25,0.27753424644470215,0.00802922248840332,-5.692817142857143,0.0,-25.015839999999994,0.0,292
441,mae,10,sqrt,,25,0.28336358070373535,0.008026599884033203,-5.806071428571427,0.0,-25.021169999999998,0.0,295
273,mse,40,sqrt,100.0,25,0.1038668155670166,0.008008003234863281,-6.82147676285497,0.0,-25.12854768191194,0.0,296
333,mse,50,sqrt,100.0,25,0.20417428016662598,0.019199132919311523,-6.82147676285497,0.0,-25.12854768191194,0.0,296
213,mse,30,sqrt,100.0,25,0.08686137199401855,0.007999897003173828,-6.82147676285497,0.0,-25.12854768191194,0.0,296
153,mse,20,sqrt,100.0,25,0.15797209739685059,0.008409261703491211,-6.82147676285497,0.0,-25.12854768191194,0.0,296
215,mse,30,sqrt,100.0,100,0.33182692527770996,0.017902135848999023,-6.181294310171499,0.0,-25.229485776088318,0.0,300
335,mse,50,sqrt,100.0,100,0.8028161525726318,0.04615497589111328,-6.181294310171499,0.0,-25.229485776088318,0.0,300
155,mse,20,sqrt,100.0,100,0.3810865879058838,0.02016901969909668,-6.181294310171499,0.0,-25.229485776088318,0.0,300
275,mse,40,sqrt,100.0,100,0.5020251274108887,0.02829456329345703,-6.181294310171499,0.0,-25.229485776088318,0.0,300
462,mae,10,log2,,50,0.5254976749420166,0.016107559204101562,-6.762939999999999,0.0,-25.288199999999996,0.0,304
451,mae,10,sqrt,50.0,100,0.9336240291595459,0.018718957901000977,-9.351791428571428,0.0,-25.303597499999995,0.0,305
458,mae,10,sqrt,200.0,50,0.6719639301300049,0.01204824447631836,-5.882658571428571,0.0,-25.317354999999992,0.0,306
522,mae,20,log2,,50,0.5452699661254883,0.01605820655822754,-5.170231428571429,0.0,-25.353219999999997,0.0,307
329,mse,50,sqrt,50.0,25,0.21730589866638184,0.021200895309448242,-9.30308386876407,0.0,-25.395986487174515,0.0,308
149,mse,20,sqrt,50.0,25,0.08384323120117188,0.008090734481811523,-9.30308386876407,0.0,-25.395986487174515,0.0,308
269,mse,40,sqrt,50.0,25,0.16104531288146973,0.01831674575805664,-9.30308386876407,0.0,-25.395986487174515,0.0,308
209,mse,30,sqrt,50.0,25,0.08466911315917969,0.00544285774230957,-9.30308386876407,0.0,-25.395986487174515,0.0,308
89,mse,10,sqrt,50.0,25,0.08381867408752441,0.008054018020629883,-9.240304617011981,0.0,-25.409012062998613,0.0,312
457,mae,10,sqrt,200.0,25,0.45015978813171387,0.01102900505065918,-6.099068571428571,0.0,-25.410589999999992,0.0,313
702,mae,50,log2,,50,0.5760908126831055,0.02744269371032715,-5.170814285714285,0.0,-25.410849999999996,0.0,314
582,mae,30,log2,,50,0.5495333671569824,0.014961004257202148,-5.170814285714285,0.0,-25.410849999999996,0.0,314
642,mae,40,log2,,50,0.6443705558776855,0.0120391845703125,-5.170814285714285,0.0,-25.410849999999996,0.0,314
140,mse,20,sqrt,,10,0.04268050193786621,0.006078004837036133,-5.173514285714286,0.0,-25.42985,0.0,317
200,mse,30,sqrt,,10,0.040000200271606445,0.007999658584594727,-5.173514285714286,0.0,-25.42985,0.0,317
320,mse,50,sqrt,,10,0.10615372657775879,0.013816595077514648,-5.173514285714286,0.0,-25.42985,0.0,317
260,mse,40,sqrt,,10,0.05118441581726074,0.006600379943847656,-5.173514285714286,0.0,-25.42985,0.0,317
511,mae,20,sqrt,50.0,100,0.9358971118927002,0.02002263069152832,-9.337452142857142,0.0,-25.4457675,0.0,321
571,mae,30,sqrt,50.0,100,0.9359915256500244,0.02005767822265625,-9.337452142857142,0.0,-25.4457675,0.0,321
631,mae,40,sqrt,50.0,100,1.0079493522644043,0.024010658264160156,-9.337452142857142,0.0,-25.4457675,0.0,321
691,mae,50,sqrt,50.0,100,0.9642128944396973,0.021102428436279297,-9.337452142857142,0.0,-25.4457675,0.0,321
98,mse,10,sqrt,200.0,50,0.17526626586914062,0.012084484100341797,-5.427354539961552,0.0,-25.457319390188935,0.0,325
518,mae,20,sqrt,200.0,50,0.5704572200775146,0.012051105499267578,-5.4592728571428575,0.0,-25.712299999999995,0.0,326
638,mae,40,sqrt,200.0,50,0.6168134212493896,0.01600027084350586,-5.4592728571428575,0.0,-25.712299999999995,0.0,326
578,mae,30,sqrt,200.0,50,0.6635558605194092,0.012097358703613281,-5.4592728571428575,0.0,-25.712299999999995,0.0,326
698,mae,50,sqrt,200.0,50,0.6904482841491699,0.01552581787109375,-5.4592728571428575,0.0,-25.712299999999995,0.0,326
158,mse,20,sqrt,200.0,50,0.17709040641784668,0.012091636657714844,-5.046181688342889,0.0,-25.77851275742807,0.0,330
218,mse,30,sqrt,200.0,50,0.17771363258361816,0.013856172561645508,-5.046181688342889,0.0,-25.77851275742807,0.0,330
278,mse,40,sqrt,200.0,50,0.3055155277252197,0.016297578811645508,-5.046181688342889,0.0,-25.77851275742807,0.0,330
338,mse,50,sqrt,200.0,50,0.40135669708251953,0.028412818908691406,-5.046181688342889,0.0,-25.77851275742807,0.0,330
94,mse,10,sqrt,100.0,50,0.20786142349243164,0.018274307250976562,-6.558367034268132,0.0,-25.80732783683173,0.0,334
82,mse,10,sqrt,,50,0.3075566291809082,0.0160672664642334,-5.014970627720605,0.0,-25.88554807487093,0.0,335
214,mse,30,sqrt,100.0,50,0.2373027801513672,0.011962652206420898,-6.48385650099305,0.0,-25.903886941096204,0.0,336
274,mse,40,sqrt,100.0,50,0.27083492279052734,0.015499114990234375,-6.48385650099305,0.0,-25.903886941096204,0.0,336
334,mse,50,sqrt,100.0,50,0.3997642993927002,0.03200101852416992,-6.48385650099305,0.0,-25.903886941096204,0.0,336
154,mse,20,sqrt,100.0,50,0.20871257781982422,0.012039899826049805,-6.48385650099305,0.0,-25.903886941096204,0.0,336
454,mae,10,sqrt,100.0,50,0.5176305770874023,0.01603555679321289,-7.127772857142858,0.0,-25.94776,0.0,340
453,mae,10,sqrt,100.0,25,0.2615089416503906,0.01191091537475586,-7.303480000000002,0.0,-25.966589999999997,0.0,341
222,mse,30,log2,,50,0.17981386184692383,0.01199960708618164,-4.82363619047619,0.0,-26.077330000000003,0.0,342
342,mse,50,log2,,50,0.4573180675506592,0.028327465057373047,-4.82363619047619,0.0,-26.077330000000003,0.0,342
282,mse,40,log2,,50,0.20632719993591309,0.022463083267211914,-4.82363619047619,0.0,-26.077330000000003,0.0,342
223,mse,30,log2,,100,0.34899210929870605,0.0200960636138916,-4.649462380952382,0.0,-26.07929500000002,0.0,345
343,mse,50,log2,,100,0.8503904342651367,0.048510074615478516,-4.649462380952382,0.0,-26.07929500000002,0.0,345
283,mse,40,log2,,100,0.41530346870422363,0.024550914764404297,-4.649462380952382,0.0,-26.07929500000002,0.0,345
163,mse,20,log2,,100,0.3451046943664551,0.02257370948791504,-4.645668571428573,0.0,-26.121425000000023,0.0,348
162,mse,20,log2,,50,0.22540831565856934,0.013352632522583008,-4.836122857142857,0.0,-26.16225,0.0,349
577,mae,30,sqrt,200.0,25,0.29097604751586914,0.00803995132446289,-5.780971428571427,0.0,-26.22299,0.0,350
637,mae,40,sqrt,200.0,25,0.37108945846557617,0.011348962783813477,-5.780971428571427,0.0,-26.22299,0.0,350
697,mae,50,sqrt,200.0,25,0.4083843231201172,0.012034416198730469,-5.780971428571427,0.0,-26.22299,0.0,350
517,mae,20,sqrt,200.0,25,0.2912304401397705,0.01199030876159668,-5.780971428571427,0.0,-26.22299,0.0,350
91,mse,10,sqrt,50.0,100,0.3351302146911621,0.02008366584777832,-8.727259873655148,0.0,-26.269622792032752,0.0,354
211,mse,30,sqrt,50.0,100,0.3166065216064453,0.021882057189941406,-8.758634801608821,0.0,-26.303547072478267,0.0,355
151,mse,20,sqrt,50.0,100,0.30918145179748535,0.020052433013916016,-8.758634801608821,0.0,-26.303547072478267,0.0,355
271,mse,40,sqrt,50.0,100,0.39287281036376953,0.02973794937133789,-8.758634801608821,0.0,-26.303547072478267,0.0,355
331,mse,50,sqrt,50.0,100,0.714235782623291,0.04480695724487305,-8.758634801608821,0.0,-26.303547072478267,0.0,355
90,mse,10,sqrt,50.0,50,0.15684843063354492,0.011990785598754883,-9.08520166181334,0.0,-26.30993738852612,0.0,359
573,mae,30,sqrt,100.0,25,0.3259613513946533,0.010161399841308594,-7.272594285714287,0.0,-26.31501,0.0,360
513,mae,20,sqrt,100.0,25,0.26334643363952637,0.00803685188293457,-7.272594285714287,0.0,-26.31501,0.0,360
633,mae,40,sqrt,100.0,25,0.26219987869262695,0.012047767639160156,-7.272594285714287,0.0,-26.31501,0.0,360
693,mae,50,sqrt,100.0,25,0.3181312084197998,0.012124061584472656,-7.272594285714287,0.0,-26.31501,0.0,360
694,mae,50,sqrt,100.0,50,0.5199031829833984,0.010226726531982422,-7.089547142857143,0.0,-26.364275,0.0,364
514,mae,20,sqrt,100.0,50,0.5429186820983887,0.011971235275268555,-7.089547142857143,0.0,-26.364275,0.0,364
634,mae,40,sqrt,100.0,50,0.5207991600036621,0.013845443725585938,-7.089547142857143,0.0,-26.364275,0.0,364
574,mae,30,sqrt,100.0,50,0.68843674659729,0.016045570373535156,-7.089547142857143,0.0,-26.364275,0.0,364
270,mse,40,sqrt,50.0,50,0.2851123809814453,0.011395454406738281,-9.140612596119505,0.0,-26.399928502060128,0.0,368
150,mse,20,sqrt,50.0,50,0.15779376029968262,0.012945175170898438,-9.140612596119505,0.0,-26.399928502060128,0.0,368
210,mse,30,sqrt,50.0,50,0.15480613708496094,0.012092351913452148,-9.140612596119505,0.0,-26.399928502060128,0.0,368
330,mse,50,sqrt,50.0,50,0.39661288261413574,0.025238037109375,-9.140612596119505,0.0,-26.399928502060128,0.0,368
449,mae,10,sqrt,50.0,25,0.23850369453430176,0.01101374626159668,-9.90968,0.0,-26.555619999999998,0.0,372
509,mae,20,sqrt,50.0,25,0.23639655113220215,0.00803232192993164,-9.973482857142857,0.0,-26.616819999999997,0.0,373
569,mae,30,sqrt,50.0,25,0.23823857307434082,0.012051105499267578,-9.973482857142857,0.0,-26.616819999999997,0.0,373
689,mae,50,sqrt,50.0,25,0.2939884662628174,0.008051633834838867,-9.973482857142857,0.0,-26.616819999999997,0.0,373
629,mae,40,sqrt,50.0,25,0.24030518531799316,0.011293172836303711,-9.973482857142857,0.0,-26.616819999999997,0.0,373
523,mae,20,log2,,100,1.0977215766906738,0.02306818962097168,-4.7547442857142865,0.0,-26.631325000000007,0.0,377
620,mae,40,sqrt,,10,0.1255037784576416,0.009977579116821289,-6.360442857142856,0.0,-26.639049999999997,0.0,378
560,mae,30,sqrt,,10,0.13058853149414062,0.008029699325561523,-6.360442857142856,0.0,-26.639049999999997,0.0,378
680,mae,50,sqrt,,10,0.19611048698425293,0.004084110260009766,-6.360442857142856,0.0,-26.639049999999997,0.0,378
583,mae,30,log2,,100,1.2060754299163818,0.021125078201293945,-4.8618642857142875,0.0,-26.64105000000001,0.0,381
643,mae,40,log2,,100,1.148176908493042,0.02008223533630371,-4.8618642857142875,0.0,-26.64105000000001,0.0,381
703,mae,50,log2,,100,1.1426939964294434,0.020050764083862305,-4.8618642857142875,0.0,-26.64105000000001,0.0,381
450,mae,10,sqrt,50.0,50,0.5880928039550781,0.01209259033203125,-9.819688571428573,0.0,-27.025909999999996,0.0,384
500,mae,20,sqrt,,10,0.12607431411743164,0.008009195327758789,-6.363971428571429,0.0,-27.086399999999998,0.0,385
81,mse,10,sqrt,,25,0.09467291831970215,0.006079196929931641,-5.428377834288998,0.0,-27.143336794721623,0.0,386
510,mae,20,sqrt,50.0,50,0.5224101543426514,0.012163400650024414,-9.823540000000001,0.0,-27.158959999999997,0.0,387
570,mae,30,sqrt,50.0,50,0.47266530990600586,0.01204538345336914,-9.823540000000001,0.0,-27.158959999999997,0.0,387
630,mae,40,sqrt,50.0,50,0.4687173366546631,0.012055635452270508,-9.823540000000001,0.0,-27.158959999999997,0.0,387
690,mae,50,sqrt,50.0,50,0.5285747051239014,0.01416158676147461,-9.823540000000001,0.0,-27.158959999999997,0.0,387
520,mae,20,log2,,10,0.11768651008605957,0.0040357112884521484,-6.398485714285715,0.0,-27.19275,0.0,391
119,mse,10,log2,200.0,100,0.3211526870727539,0.024088621139526367,-5.932883009682905,0.0,-27.60179090557498,0.0,392
359,mse,50,log2,200.0,100,0.843696117401123,0.04828071594238281,-5.3137196123185575,0.0,-27.691303997861166,0.0,393
299,mse,40,log2,200.0,100,0.7852773666381836,0.047365665435791016,-5.3137196123185575,0.0,-27.691303997861166,0.0,393
179,mse,20,log2,200.0,100,0.331693172454834,0.024157047271728516,-5.3137196123185575,0.0,-27.691303997861166,0.0,393
239,mse,30,log2,200.0,100,0.34823179244995117,0.03475618362426758,-5.3137196123185575,0.0,-27.691303997861166,0.0,393
31,mse,5,sqrt,50.0,100,0.2857956886291504,0.020073413848876953,-13.223581447010115,0.0,-27.692836310352295,0.0,397
35,mse,5,sqrt,100.0,100,0.28408098220825195,0.020070791244506836,-13.223581447010115,0.0,-27.692836310352295,0.0,397
39,mse,5,sqrt,200.0,100,0.3004763126373291,0.021134376525878906,-13.223581447010115,0.0,-27.692836310352295,0.0,397
640,mae,40,log2,,10,0.11753678321838379,0.008037805557250977,-6.331642857142857,0.0,-27.758149999999997,0.0,400
700,mae,50,log2,,10,0.11662650108337402,0.008018016815185547,-6.331642857142857,0.0,-27.758149999999997,0.0,400
580,mae,30,log2,,10,0.17031335830688477,0.01210784912109375,-6.331642857142857,0.0,-27.758149999999997,0.0,400
27,mse,5,sqrt,25.0,100,0.2884652614593506,0.020070552825927734,-13.488322783755814,0.0,-27.80731298091465,0.0,403
25,mse,5,sqrt,25.0,25,0.12121176719665527,0.0211026668548584,-14.467025308427322,0.0,-27.82972757589847,0.0,404
29,mse,5,sqrt,50.0,25,0.07428884506225586,0.009151697158813477,-14.297785381748934,0.0,-27.83833850258322,0.0,405
33,mse,5,sqrt,100.0,25,0.0760033130645752,0.008023262023925781,-14.297785381748934,0.0,-27.83833850258322,0.0,405
37,mse,5,sqrt,200.0,25,0.08180832862854004,0.00803065299987793,-14.297785381748934,0.0,-27.83833850258322,0.0,405
26,mse,5,sqrt,25.0,50,0.16937851905822754,0.01205134391784668,-14.048097336454344,0.0,-27.92387492825163,0.0,408
80,mse,10,sqrt,,10,0.04370403289794922,0.008165836334228516,-6.153990902645843,0.0,-27.98535277154219,0.0,409
34,mse,5,sqrt,100.0,50,0.15147042274475098,0.012029170989990234,-13.787654836188754,0.0,-28.033546971481165,0.0,410
30,mse,5,sqrt,50.0,50,0.14566373825073242,0.013969659805297852,-13.787654836188754,0.0,-28.033546971481165,0.0,410
38,mse,5,sqrt,200.0,50,0.14872527122497559,0.012098312377929688,-13.787654836188754,0.0,-28.033546971481165,0.0,410
145,mse,20,sqrt,25.0,25,0.08018374443054199,0.011537551879882812,-12.847001980273266,0.0,-28.088960175872266,0.0,413
325,mse,50,sqrt,25.0,25,0.1814408302307129,0.020013093948364258,-12.847001980273266,0.0,-28.088960175872266,0.0,413
265,mse,40,sqrt,25.0,25,0.09249329566955566,0.01752758026123047,-12.847001980273266,0.0,-28.088960175872266,0.0,413
85,mse,10,sqrt,25.0,25,0.08199858665466309,0.011274576187133789,-12.847001980273266,0.0,-28.088960175872266,0.0,413
205,mse,30,sqrt,25.0,25,0.08044624328613281,0.007166147232055664,-12.847001980273266,0.0,-28.088960175872266,0.0,413
235,mse,30,log2,100.0,100,0.398911714553833,0.04016613960266113,-7.145405938396295,0.0,-28.12627819994871,0.0,418
355,mse,50,log2,100.0,100,0.7667756080627441,0.05388045310974121,-7.145405938396295,0.0,-28.12627819994871,0.0,418
175,mse,20,log2,100.0,100,0.36473774909973145,0.03599405288696289,-7.145405938396295,0.0,-28.12627819994871,0.0,418
295,mse,40,log2,100.0,100,0.7925877571105957,0.13268589973449707,-7.145405938396295,0.0,-28.12627819994871,0.0,418
479,mae,10,log2,200.0,100,1.0579802989959717,0.020091533660888672,-6.428687142857146,0.0,-28.139257500000014,0.0,422
103,mse,10,log2,,100,0.329409122467041,0.022008657455444336,-5.93953605430021,0.0,-28.162172613989643,0.0,423
463,mae,10,log2,,100,1.1062464714050293,0.020052194595336914,-6.668262142857146,0.0,-28.18318750000001,0.0,424
115,mse,10,log2,100.0,100,0.40079188346862793,0.022676944732666016,-7.275326138539339,0.0,-28.18974827795655,0.0,425
539,mae,20,log2,200.0,100,1.0498557090759277,0.024092912673950195,-5.752805000000001,0.0,-28.432160000000014,0.0,426
719,mae,50,log2,200.0,100,1.165736198425293,0.02234339714050293,-5.752805000000001,0.0,-28.432160000000014,0.0,426
659,mae,40,log2,200.0,100,1.187596082687378,0.019731521606445312,-5.752805000000001,0.0,-28.432160000000014,0.0,426
599,mae,30,log2,200.0,100,1.0091884136199951,0.02409839630126953,-5.752805000000001,0.0,-28.432160000000014,0.0,426
96,mse,10,sqrt,200.0,10,0.04022669792175293,0.0075147151947021484,-6.529224278192959,0.0,-28.446056376372162,0.0,430
475,mae,10,log2,100.0,100,1.0214385986328125,0.020097017288208008,-7.783652142857144,0.0,-28.59009000000001,0.0,431
298,mse,40,log2,200.0,50,0.4091205596923828,0.033803701400756836,-5.459635680383092,0.0,-28.659868518649745,0.0,432
238,mse,30,log2,200.0,50,0.18009328842163086,0.012022972106933594,-5.459635680383092,0.0,-28.659868518649745,0.0,432
358,mse,50,log2,200.0,50,0.4975855350494385,0.029927730560302734,-5.459635680383092,0.0,-28.659868518649745,0.0,432
178,mse,20,log2,200.0,50,0.17114043235778809,0.012096166610717773,-5.459635680383092,0.0,-28.659868518649745,0.0,432
118,mse,10,log2,200.0,50,0.1700277328491211,0.0120391845703125,-5.959488816265163,0.0,-28.66201851424072,0.0,436
147,mse,20,sqrt,25.0,100,0.3020145893096924,0.016050100326538086,-12.236339028768883,0.0,-28.66534726281252,0.0,437
267,mse,40,sqrt,25.0,100,0.3616509437561035,0.023123502731323242,-12.236339028768883,0.0,-28.66534726281252,0.0,437
87,mse,10,sqrt,25.0,100,0.2886660099029541,0.02006244659423828,-12.236339028768883,0.0,-28.66534726281252,0.0,437
327,mse,50,sqrt,25.0,100,0.6796326637268066,0.04817605018615723,-12.236339028768883,0.0,-28.66534726281252,0.0,437
207,mse,30,sqrt,25.0,100,0.29991579055786133,0.02234029769897461,-12.236339028768883,0.0,-28.66534726281252,0.0,437
381,mae,5,sqrt,,25,0.43987202644348145,0.01848578453063965,-14.797737142857141,0.0,-28.730460000000004,0.0,442
507,mae,20,sqrt,25.0,100,0.8451547622680664,0.018070697784423828,-13.280820714285715,0.0,-28.849840000000004,0.0,443
447,mae,10,sqrt,25.0,100,0.8468058109283447,0.020061016082763672,-13.280820714285715,0.0,-28.849840000000004,0.0,443
567,mae,30,sqrt,25.0,100,0.8865084648132324,0.02401280403137207,-13.280820714285715,0.0,-28.849840000000004,0.0,443
627,mae,40,sqrt,25.0,100,1.0474839210510254,0.02651810646057129,-13.280820714285715,0.0,-28.849840000000004,0.0,443
687,mae,50,sqrt,25.0,100,0.8958725929260254,0.020178794860839844,-13.280820714285715,0.0,-28.849840000000004,0.0,443
396,mae,5,sqrt,200.0,10,0.1388227939605713,0.0040378570556640625,-14.74812857142857,0.0,-28.892425000000003,0.0,448
388,mae,5,sqrt,50.0,10,0.08337807655334473,0.007516622543334961,-14.74812857142857,0.0,-28.892425000000003,0.0,448
392,mae,5,sqrt,100.0,10,0.09348225593566895,0.004027843475341797,-14.74812857142857,0.0,-28.892425000000003,0.0,448
111,mse,10,log2,50.0,100,0.3297300338745117,0.032253265380859375,-10.113385243641964,0.0,-28.995153378715806,0.0,451
146,mse,20,sqrt,25.0,50,0.14934992790222168,0.012051582336425781,-12.741803333889036,0.0,-29.05532858473042,0.0,452
86,mse,10,sqrt,25.0,50,0.15080833435058594,0.012037992477416992,-12.741803333889036,0.0,-29.05532858473042,0.0,452
326,mse,50,sqrt,25.0,50,0.3341073989868164,0.02814650535583496,-12.741803333889036,0.0,-29.05532858473042,0.0,452
266,mse,40,sqrt,25.0,50,0.21356987953186035,0.10582542419433594,-12.741803333889036,0.0,-29.05532858473042,0.0,452
206,mse,30,sqrt,25.0,50,0.1518230438232422,0.01318669319152832,-12.741803333889036,0.0,-29.05532858473042,0.0,452
114,mse,10,log2,100.0,50,0.16012358665466309,0.01220703125,-7.228848243925222,0.0,-29.162378383565944,0.0,457
174,mse,20,log2,100.0,50,0.16322994232177734,0.012074470520019531,-7.232424173682333,0.0,-29.170319112574585,0.0,458
234,mse,30,log2,100.0,50,0.16258645057678223,0.012050867080688477,-7.232424173682333,0.0,-29.170319112574585,0.0,458
294,mse,40,log2,100.0,50,0.3819448947906494,0.028046131134033203,-7.232424173682333,0.0,-29.170319112574585,0.0,458
354,mse,50,log2,100.0,50,0.3737196922302246,0.03080153465270996,-7.232424173682333,0.0,-29.170319112574585,0.0,458
535,mae,20,log2,100.0,100,0.9196245670318604,0.02006840705871582,-7.571073571428572,0.0,-29.186525000000014,0.0,462
595,mae,30,log2,100.0,100,0.9694223403930664,0.020084619522094727,-7.571073571428572,0.0,-29.186525000000014,0.0,462
655,mae,40,log2,100.0,100,1.1353809833526611,0.026158571243286133,-7.571073571428572,0.0,-29.186525000000014,0.0,462
715,mae,50,log2,100.0,100,0.9962368011474609,0.03484153747558594,-7.571073571428572,0.0,-29.186525000000014,0.0,462
23,mse,5,sqrt,,100,0.3487548828125,0.016048908233642578,-12.980293771630993,0.0,-29.192644305488674,0.0,466
92,mse,10,sqrt,100.0,10,0.04283642768859863,0.007348537445068359,-7.665333161050388,0.0,-29.215088431005878,0.0,467
461,mae,10,log2,,25,0.24793672561645508,0.008029937744140625,-7.204371428571428,0.0,-29.386049999999997,0.0,468
351,mse,50,log2,50.0,100,0.6861550807952881,0.042968034744262695,-10.150335696261113,0.0,-29.395244744161293,0.0,469
171,mse,20,log2,50.0,100,0.29554295539855957,0.020085573196411133,-10.150335696261113,0.0,-29.395244744161293,0.0,469
231,mse,30,log2,50.0,100,0.2980222702026367,0.021266937255859375,-10.150335696261113,0.0,-29.395244744161293,0.0,469
291,mse,40,log2,50.0,100,0.8395228385925293,0.09536123275756836,-10.150335696261113,0.0,-29.395244744161293,0.0,469
276,mse,40,sqrt,200.0,10,0.053253173828125,0.005192279815673828,-6.117016398853006,0.0,-29.42961686232068,0.0,473
216,mse,30,sqrt,200.0,10,0.04027986526489258,0.008093833923339844,-6.117016398853006,0.0,-29.42961686232068,0.0,473
336,mse,50,sqrt,200.0,10,0.09711551666259766,0.015455484390258789,-6.117016398853006,0.0,-29.42961686232068,0.0,473
156,mse,20,sqrt,200.0,10,0.04026985168457031,0.008014202117919922,-6.117016398853006,0.0,-29.42961686232068,0.0,473
281,mse,40,log2,,25,0.19363665580749512,0.012566804885864258,-5.234270476190476,0.0,-29.480959999999996,0.0,477
161,mse,20,log2,,25,0.0942835807800293,0.012368440628051758,-5.234270476190476,0.0,-29.480959999999996,0.0,477
341,mse,50,log2,,25,0.22420454025268555,0.021325111389160156,-5.234270476190476,0.0,-29.480959999999996,0.0,477
221,mse,30,log2,,25,0.09555792808532715,0.005197763442993164,-5.234270476190476,0.0,-29.480959999999996,0.0,477
110,mse,10,log2,50.0,50,0.19351673126220703,0.012096166610717773,-10.112759110392187,0.0,-29.51245443334639,0.0,481
384,mae,5,sqrt,25.0,10,0.19978928565979004,0.02017831802368164,-15.21457142857143,0.0,-29.553874999999998,0.0,482
456,mae,10,sqrt,200.0,10,0.12079787254333496,0.010295391082763672,-6.725314285714286,0.0,-29.6707,0.0,483
212,mse,30,sqrt,100.0,10,0.040001869201660156,0.0039975643157958984,-7.604898506965468,0.0,-29.67205166234207,0.0,484
272,mse,40,sqrt,100.0,10,0.0677042007446289,0.012607097625732422,-7.604898506965468,0.0,-29.67205166234207,0.0,484
152,mse,20,sqrt,100.0,10,0.0704960823059082,0.008037328720092773,-7.604898506965468,0.0,-29.67205166234207,0.0,484
332,mse,50,sqrt,100.0,10,0.08692550659179688,0.015718936920166016,-7.604898506965468,0.0,-29.67205166234207,0.0,484
20,mse,5,sqrt,,10,0.032196044921875,0.008198022842407227,-13.545500489608058,0.0,-29.734639170062678,0.0,488
389,mae,5,sqrt,50.0,25,0.20244526863098145,0.008030414581298828,-15.2427,0.0,-29.748269999999998,0.0,489
393,mae,5,sqrt,100.0,25,0.21573114395141602,0.012131690979003906,-15.2427,0.0,-29.748269999999998,0.0,489
397,mae,5,sqrt,200.0,25,0.33122682571411133,0.011519193649291992,-15.2427,0.0,-29.748269999999998,0.0,489
391,mae,5,sqrt,50.0,100,1.0560932159423828,0.03192925453186035,-14.509524285714287,0.0,-29.830465000000004,0.0,492
395,mae,5,sqrt,100.0,100,1.3520777225494385,0.02227640151977539,-14.509524285714287,0.0,-29.830465000000004,0.0,492
399,mae,5,sqrt,200.0,100,1.070443868637085,0.02745795249938965,-14.509524285714287,0.0,-29.830465000000004,0.0,492
385,mae,5,sqrt,25.0,25,0.49839210510253906,0.021343708038330078,-15.565785714285713,0.0,-29.893719999999995,0.0,495
170,mse,20,log2,50.0,50,0.23509502410888672,0.012035131454467773,-10.134870021480898,0.0,-29.916526207795798,0.0,496
350,mse,50,log2,50.0,50,0.35700035095214844,0.027666091918945312,-10.134870021480898,0.0,-29.916526207795798,0.0,496
290,mse,40,log2,50.0,50,0.24463891983032227,0.021060705184936523,-10.134870021480898,0.0,-29.916526207795798,0.0,496
230,mse,30,log2,50.0,50,0.15207338333129883,0.01339411735534668,-10.134870021480898,0.0,-29.916526207795798,0.0,496
387,mae,5,sqrt,25.0,100,1.0478568077087402,0.028270959854125977,-14.94380428571429,0.0,-29.956527500000004,0.0,500
538,mae,20,log2,200.0,50,0.5552670955657959,0.014374494552612305,-5.94431,0.0,-30.148064999999995,0.0,501
718,mae,50,log2,200.0,50,0.5679709911346436,0.013069868087768555,-5.94431,0.0,-30.148064999999995,0.0,501
658,mae,40,log2,200.0,50,0.7207765579223633,0.012006759643554688,-5.94431,0.0,-30.148064999999995,0.0,501
598,mae,30,log2,200.0,50,0.5094730854034424,0.01607227325439453,-5.94431,0.0,-30.148064999999995,0.0,501
452,mae,10,sqrt,100.0,10,0.11074542999267578,0.0039920806884765625,-7.9699,0.0,-30.1854,0.0,505
471,mae,10,log2,50.0,100,0.9497809410095215,0.019997596740722656,-10.71377142857143,0.0,-30.243270000000003,0.0,506
445,mae,10,sqrt,25.0,25,0.21512222290039062,0.008022785186767578,-14.214417142857144,0.0,-30.266789999999997,0.0,507
505,mae,20,sqrt,25.0,25,0.26103782653808594,0.012076854705810547,-14.214417142857144,0.0,-30.266789999999997,0.0,507
565,mae,30,sqrt,25.0,25,0.26607346534729004,0.012092113494873047,-14.214417142857144,0.0,-30.266789999999997,0.0,507
685,mae,50,sqrt,25.0,25,0.22182607650756836,0.008094310760498047,-14.214417142857144,0.0,-30.266789999999997,0.0,507
625,mae,40,sqrt,25.0,25,0.21587133407592773,0.007995843887329102,-14.214417142857144,0.0,-30.266789999999997,0.0,507
22,mse,5,sqrt,,50,0.15489411354064941,0.020034313201904297,-13.426842473623665,0.0,-30.31532728532622,0.0,512
531,mae,20,log2,50.0,100,0.878420352935791,0.022060155868530273,-10.70870142857143,0.0,-30.3289325,0.0,513
591,mae,30,log2,50.0,100,0.8752975463867188,0.020168542861938477,-10.70870142857143,0.0,-30.3289325,0.0,513
711,mae,50,log2,50.0,100,1.0424365997314453,0.025342464447021484,-10.70870142857143,0.0,-30.3289325,0.0,513
651,mae,40,log2,50.0,100,1.27726149559021,0.06170177459716797,-10.70870142857143,0.0,-30.3289325,0.0,513
380,mae,5,sqrt,,10,0.18988466262817383,0.014768362045288086,-14.886057142857146,0.0,-30.526449999999997,0.0,517
88,mse,10,sqrt,50.0,10,0.039164066314697266,0.0030164718627929688,-10.291481473828721,0.0,-30.774699342933783,0.0,518
478,mae,10,log2,200.0,50,0.6374900341033936,0.010406255722045898,-6.485427142857143,0.0,-30.795125000000002,0.0,519
516,mae,20,sqrt,200.0,10,0.11904406547546387,0.008026599884033203,-6.285157142857142,0.0,-30.812150000000003,0.0,520
696,mae,50,sqrt,200.0,10,0.12248682975769043,0.004004716873168945,-6.285157142857142,0.0,-30.812150000000003,0.0,520
636,mae,40,sqrt,200.0,10,0.21227025985717773,0.0040013790130615234,-6.285157142857142,0.0,-30.812150000000003,0.0,520
576,mae,30,sqrt,200.0,10,0.1223907470703125,0.009374380111694336,-6.285157142857142,0.0,-30.812150000000003,0.0,520
148,mse,20,sqrt,50.0,10,0.04018592834472656,0.0040130615234375,-10.322406639570422,0.0,-30.857830654713794,0.0,524
208,mse,30,sqrt,50.0,10,0.0388026237487793,0.004024982452392578,-10.322406639570422,0.0,-30.857830654713794,0.0,524
268,mse,40,sqrt,50.0,10,0.044124603271484375,0.004012107849121094,-10.322406639570422,0.0,-30.857830654713794,0.0,524
328,mse,50,sqrt,50.0,10,0.0806119441986084,0.014950990676879883,-10.322406639570422,0.0,-30.857830654713794,0.0,524
654,mae,40,log2,100.0,50,0.5187413692474365,0.016091346740722656,-7.805382857142857,0.0,-30.992960000000004,0.0,528
714,mae,50,log2,100.0,50,0.554833173751831,0.012099266052246094,-7.805382857142857,0.0,-30.992960000000004,0.0,528
594,mae,30,log2,100.0,50,0.5109038352966309,0.012047529220581055,-7.805382857142857,0.0,-30.992960000000004,0.0,528
534,mae,20,log2,100.0,50,0.5065302848815918,0.012159347534179688,-7.805382857142857,0.0,-30.992960000000004,0.0,528
572,mae,30,sqrt,100.0,10,0.15602993965148926,0.008049249649047852,-7.703221428571429,0.0,-31.156225000000003,0.0,532
512,mae,20,sqrt,100.0,10,0.10955595970153809,0.0040035247802734375,-7.703221428571429,0.0,-31.156225000000003,0.0,532
632,mae,40,sqrt,100.0,10,0.11261749267578125,0.0030364990234375,-7.703221428571429,0.0,-31.156225000000003,0.0,532
692,mae,50,sqrt,100.0,10,0.15021491050720215,0.008594512939453125,-7.703221428571429,0.0,-31.156225000000003,0.0,532
474,mae,10,log2,100.0,50,0.4550814628601074,0.013839483261108398,-7.872507142857143,0.0,-31.225990000000003,0.0,536
102,mse,10,log2,,50,0.16721534729003906,0.01060795783996582,-6.249294875194017,0.0,-31.283415729077696,0.0,537
628,mae,40,sqrt,50.0,10,0.13087964057922363,0.008046388626098633,-10.174607142857143,0.0,-31.310375,0.0,538
568,mae,30,sqrt,50.0,10,0.14207053184509277,0.007990360260009766,-10.174607142857143,0.0,-31.310375,0.0,538
448,mae,10,sqrt,50.0,10,0.09655141830444336,0.008057117462158203,-10.168821428571427,0.0,-31.310375,0.0,538
508,mae,20,sqrt,50.0,10,0.1011343002319336,0.007769346237182617,-10.174607142857143,0.0,-31.310375,0.0,538
688,mae,50,sqrt,50.0,10,0.09832262992858887,0.004010915756225586,-10.174607142857143,0.0,-31.310375,0.0,538
21,mse,5,sqrt,,25,0.0817267894744873,0.008066177368164062,-13.58947031689536,0.0,-31.4138430194788,0.0,543
506,mae,20,sqrt,25.0,50,0.463287353515625,0.013388395309448242,-13.867105714285717,0.0,-31.585809999999995,0.0,544
566,mae,30,sqrt,25.0,50,0.4279286861419678,0.012350082397460938,-13.867105714285717,0.0,-31.585809999999995,0.0,544
686,mae,50,sqrt,25.0,50,0.42317795753479004,0.012085914611816406,-13.867105714285717,0.0,-31.585809999999995,0.0,544
446,mae,10,sqrt,25.0,50,0.42425060272216797,0.012044668197631836,-13.867105714285717,0.0,-31.585809999999995,0.0,544
626,mae,40,sqrt,25.0,50,0.42338132858276367,0.010823726654052734,-13.867105714285717,0.0,-31.585809999999995,0.0,544
347,mse,50,log2,25.0,100,0.6420671939849854,0.036977529525756836,-14.434468229045656,0.0,-32.04340337192439,0.0,549
287,mse,40,log2,25.0,100,0.3623988628387451,0.04310011863708496,-14.434468229045656,0.0,-32.04340337192439,0.0,549
107,mse,10,log2,25.0,100,0.2841947078704834,0.020114421844482422,-14.434468229045656,0.0,-32.04340337192439,0.0,549
167,mse,20,log2,25.0,100,0.33382081985473633,0.025528430938720703,-14.434468229045656,0.0,-32.04340337192439,0.0,549
227,mse,30,log2,25.0,100,0.35381174087524414,0.016052722930908203,-14.434468229045656,0.0,-32.04340337192439,0.0,549
166,mse,20,log2,25.0,50,0.1467273235321045,0.012064695358276367,-14.422797476901312,0.0,-32.08070747901834,0.0,554
286,mse,40,log2,25.0,50,0.22012829780578613,0.02800130844116211,-14.422797476901312,0.0,-32.08070747901834,0.0,554
106,mse,10,log2,25.0,50,0.14274239540100098,0.016622543334960938,-14.422797476901312,0.0,-32.08070747901834,0.0,554
346,mse,50,log2,25.0,50,0.3959238529205322,0.027265071868896484,-14.422797476901312,0.0,-32.08070747901834,0.0,554
226,mse,30,log2,25.0,50,0.14212560653686523,0.012103796005249023,-14.422797476901312,0.0,-32.08070747901834,0.0,554
386,mae,5,sqrt,25.0,50,0.7988722324371338,0.013019323348999023,-15.329349999999998,0.0,-32.09403999999999,0.0,559
394,mae,5,sqrt,100.0,50,0.4118988513946533,0.013325929641723633,-14.971612857142858,0.0,-32.11461,0.0,560
390,mae,5,sqrt,50.0,50,0.4131889343261719,0.01503753662109375,-14.971612857142858,0.0,-32.11461,0.0,560
398,mae,5,sqrt,200.0,50,0.5755622386932373,0.0217435359954834,-14.971612857142858,0.0,-32.11461,0.0,560
24,mse,5,sqrt,25.0,10,0.03438711166381836,0.008032560348510742,-14.960152887988508,0.0,-32.30098173306234,0.0,563
710,mae,50,log2,50.0,50,0.4140346050262451,0.012037038803100586,-11.041568571428572,0.0,-32.354549999999996,0.0,564
650,mae,40,log2,50.0,50,0.5250537395477295,0.013907194137573242,-11.041568571428572,0.0,-32.354549999999996,0.0,564
590,mae,30,log2,50.0,50,0.5066635608673096,0.012042999267578125,-11.041568571428572,0.0,-32.354549999999996,0.0,564
530,mae,20,log2,50.0,50,0.41731953620910645,0.012039899826049805,-11.041568571428572,0.0,-32.354549999999996,0.0,564
36,mse,5,sqrt,200.0,10,0.03608202934265137,0.0072307586669921875,-14.811591848047932,0.0,-32.397814748295865,0.0,568
32,mse,5,sqrt,100.0,10,0.03607916831970215,0.008027076721191406,-14.811591848047932,0.0,-32.397814748295865,0.0,568
28,mse,5,sqrt,50.0,10,0.0321199893951416,0.008014202117919922,-14.811591848047932,0.0,-32.397814748295865,0.0,568
597,mae,30,log2,200.0,25,0.25568604469299316,0.010344266891479492,-6.524477142857141,0.0,-32.453829999999996,0.0,571
717,mae,50,log2,200.0,25,0.25600695610046387,0.00841832160949707,-6.524477142857141,0.0,-32.453829999999996,0.0,571
537,mae,20,log2,200.0,25,0.2532830238342285,0.008076906204223633,-6.524477142857141,0.0,-32.453829999999996,0.0,571
657,mae,40,log2,200.0,25,0.3079836368560791,0.011476993560791016,-6.524477142857141,0.0,-32.453829999999996,0.0,571
340,mse,50,log2,,10,0.11415433883666992,0.0172269344329834,-5.706271428571429,0.0,-32.45934999999999,0.0,575
220,mse,30,log2,,10,0.0404813289642334,0.008029460906982422,-5.706271428571429,0.0,-32.45934999999999,0.0,575
160,mse,20,log2,,10,0.0874626636505127,0.012108087539672852,-5.706271428571429,0.0,-32.45934999999999,0.0,575
280,mse,40,log2,,10,0.05184292793273926,0.007430553436279297,-5.706271428571429,0.0,-32.45934999999999,0.0,575
237,mse,30,log2,200.0,25,0.09346127510070801,0.006078958511352539,-5.848681888630145,0.0,-32.515074605885886,0.0,579
177,mse,20,log2,200.0,25,0.09355854988098145,0.008030414581298828,-5.848681888630145,0.0,-32.515074605885886,0.0,579
357,mse,50,log2,200.0,25,0.19641852378845215,0.037705421447753906,-5.848681888630145,0.0,-32.515074605885886,0.0,579
297,mse,40,log2,200.0,25,0.20654296875,0.014900684356689453,-5.848681888630145,0.0,-32.515074605885886,0.0,579
533,mae,20,log2,100.0,25,0.23454689979553223,0.008034706115722656,-8.420157142857141,0.0,-32.54839,0.0,583
593,mae,30,log2,100.0,25,0.23176884651184082,0.008025884628295898,-8.420157142857141,0.0,-32.54839,0.0,583
653,mae,40,log2,100.0,25,0.264742374420166,0.008041858673095703,-8.420157142857141,0.0,-32.54839,0.0,583
713,mae,50,log2,100.0,25,0.2302846908569336,0.008059263229370117,-8.420157142857141,0.0,-32.54839,0.0,583
43,mse,5,log2,,100,0.3354954719543457,0.028085947036743164,-15.742463299112647,0.0,-32.57943914502981,0.0,587
47,mse,5,log2,25.0,100,0.3682832717895508,0.01828598976135254,-16.6498788440826,0.0,-32.65555644114445,0.0,588
383,mae,5,sqrt,,100,1.8550140857696533,0.04535651206970215,-14.866631428571434,0.0,-32.69118000000001,0.0,589
477,mae,10,log2,200.0,25,0.24685382843017578,0.008016586303710938,-7.143008571428571,0.0,-32.71756,0.0,590
55,mse,5,log2,100.0,100,0.31519103050231934,0.020128726959228516,-16.44520030553431,0.0,-32.77312460846788,0.0,591
51,mse,5,log2,50.0,100,0.276775598526001,0.016122817993164062,-16.44520030553431,0.0,-32.77312460846788,0.0,591
59,mse,5,log2,200.0,100,0.2813296318054199,0.017428874969482422,-16.44520030553431,0.0,-32.77312460846788,0.0,591
233,mse,30,log2,100.0,25,0.08057284355163574,0.010937929153442383,-7.644744279034506,0.0,-32.791175898757444,0.0,594
173,mse,20,log2,100.0,25,0.08470845222473145,0.00974726676940918,-7.644744279034506,0.0,-32.791175898757444,0.0,594
353,mse,50,log2,100.0,25,0.19727206230163574,0.020039796829223633,-7.644744279034506,0.0,-32.791175898757444,0.0,594
293,mse,40,log2,100.0,25,0.19341087341308594,0.019515275955200195,-7.644744279034506,0.0,-32.791175898757444,0.0,594
470,mae,10,log2,50.0,50,0.4139678478240967,0.014156103134155273,-11.008464285714284,0.0,-32.94992,0.0,598
473,mae,10,log2,100.0,25,0.23269963264465332,0.006558895111083984,-8.412257142857143,0.0,-32.98758,0.0,599
403,mae,5,log2,,100,0.9260587692260742,0.023732900619506836,-16.559990714285714,0.0,-33.01209500000001,0.0,600
117,mse,10,log2,200.0,25,0.08848285675048828,0.008049726486206055,-6.396405536119194,0.0,-33.352500747959645,0.0,601
444,mae,10,sqrt,25.0,10,0.09256792068481445,0.0067713260650634766,-13.801871428571431,0.0,-33.472274999999996,0.0,602
624,mae,40,sqrt,25.0,10,0.0902564525604248,0.004006147384643555,-13.801871428571431,0.0,-33.472274999999996,0.0,602
684,mae,50,sqrt,25.0,10,0.09116029739379883,0.004048347473144531,-13.801871428571431,0.0,-33.472274999999996,0.0,602
564,mae,30,sqrt,25.0,10,0.11126589775085449,0.0040509700775146484,-13.801871428571431,0.0,-33.472274999999996,0.0,602
504,mae,20,sqrt,25.0,10,0.09096455574035645,0.008004903793334961,-13.801871428571431,0.0,-33.472274999999996,0.0,602
589,mae,30,log2,50.0,25,0.27133822441101074,0.008019208908081055,-11.575142857142858,0.0,-33.56542999999999,0.0,607
529,mae,20,log2,50.0,25,0.21486353874206543,0.008024454116821289,-11.575142857142858,0.0,-33.56542999999999,0.0,607
649,mae,40,log2,50.0,25,0.2201693058013916,0.012224912643432617,-11.575142857142858,0.0,-33.56542999999999,0.0,607
709,mae,50,log2,50.0,25,0.2103874683380127,0.008046865463256836,-11.575142857142858,0.0,-33.56542999999999,0.0,607
113,mse,10,log2,100.0,25,0.08430695533752441,0.008080482482910156,-7.627438092707151,0.0,-33.5957220401871,0.0,611
382,mae,5,sqrt,,50,0.980381965637207,0.029623031616210938,-14.931597142857143,0.0,-33.615640000000006,0.0,612
42,mse,5,log2,,50,0.14103412628173828,0.011688470840454102,-16.422948473486215,0.0,-33.622432587393995,0.0,613
324,mse,50,sqrt,25.0,10,0.0840001106262207,0.015999555587768555,-13.542900142284378,0.0,-33.74280235116026,0.0,614
144,mse,20,sqrt,25.0,10,0.03678750991821289,0.007954835891723633,-13.542900142284378,0.0,-33.74280235116026,0.0,614
84,mse,10,sqrt,25.0,10,0.0345306396484375,0.008167028427124023,-13.542900142284378,0.0,-33.74280235116026,0.0,614
204,mse,30,sqrt,25.0,10,0.03626275062561035,0.00619959831237793,-13.542900142284378,0.0,-33.74280235116026,0.0,614
264,mse,40,sqrt,25.0,10,0.03607463836669922,0.008113622665405273,-13.542900142284378,0.0,-33.74280235116026,0.0,614
109,mse,10,log2,50.0,25,0.08276796340942383,0.008090734481811523,-10.590537614997308,0.0,-33.83469445110397,0.0,619
469,mae,10,log2,50.0,25,0.21439528465270996,0.01203465461730957,-11.366214285714285,0.0,-33.87941,0.0,620
46,mse,5,log2,25.0,50,0.1415393352508545,0.01269674301147461,-16.770697210576873,0.0,-33.887383007471826,0.0,621
101,mse,10,log2,,25,0.08635354042053223,0.010456085205078125,-6.3491264189652,0.0,-33.90191150721665,0.0,622
50,mse,5,log2,50.0,50,0.15102744102478027,0.012129545211791992,-16.567590087387757,0.0,-34.60988922643354,0.0,623
58,mse,5,log2,200.0,50,0.14115381240844727,0.0134124755859375,-16.567590087387757,0.0,-34.60988922643354,0.0,623
54,mse,5,log2,100.0,50,0.2622802257537842,0.012001514434814453,-16.567590087387757,0.0,-34.60988922643354,0.0,623
402,mae,5,log2,,50,0.43280649185180664,0.015103816986083984,-17.594165714285715,0.0,-34.614685,0.0,626
349,mse,50,log2,50.0,25,0.19245600700378418,0.021381378173828125,-10.65980741488395,0.0,-34.74629487826871,0.0,627
229,mse,30,log2,50.0,25,0.08379960060119629,0.008179664611816406,-10.65980741488395,0.0,-34.74629487826871,0.0,627
169,mse,20,log2,50.0,25,0.08037781715393066,0.006211280822753906,-10.65980741488395,0.0,-34.74629487826871,0.0,627
289,mse,40,log2,50.0,25,0.11645746231079102,0.01107025146484375,-10.65980741488395,0.0,-34.74629487826871,0.0,627
41,mse,5,log2,,25,0.1455082893371582,0.008023738861083984,-17.01213771700261,0.0,-35.20720529108315,0.0,631
467,mae,10,log2,25.0,100,0.7387316226959229,0.023179054260253906,-15.387530714285719,0.0,-35.45626,0.0,632
707,mae,50,log2,25.0,100,0.7474100589752197,0.02242588996887207,-15.397120000000001,0.0,-35.46726,0.0,633
587,mae,30,log2,25.0,100,0.7425680160522461,0.01606154441833496,-15.397120000000001,0.0,-35.46726,0.0,633
527,mae,20,log2,25.0,100,0.7526240348815918,0.01865696907043457,-15.397120000000001,0.0,-35.46726,0.0,633
647,mae,40,log2,25.0,100,1.0506832599639893,0.017017602920532227,-15.397120000000001,0.0,-35.46726,0.0,633
417,mae,5,log2,200.0,25,0.39939236640930176,0.020647048950195312,-19.495597142857143,0.0,-35.68554999999999,0.0,637
409,mae,5,log2,50.0,25,0.2852795124053955,0.016000747680664062,-19.495597142857143,0.0,-35.68554999999999,0.0,637
413,mae,5,log2,100.0,25,0.3222527503967285,0.014288902282714844,-19.495597142857143,0.0,-35.68554999999999,0.0,637
405,mae,5,log2,25.0,25,0.22242975234985352,0.007231473922729492,-19.575814285714284,0.0,-35.70736999999999,0.0,640
100,mse,10,log2,,10,0.04233598709106445,0.008076190948486328,-6.785894428637014,0.0,-35.80366818223443,0.0,641
415,mae,5,log2,100.0,100,0.8366365432739258,0.026140928268432617,-17.693430714285714,0.0,-35.97536500000001,0.0,642
411,mae,5,log2,50.0,100,1.0121371746063232,0.022218942642211914,-17.693430714285714,0.0,-35.97536500000001,0.0,642
419,mae,5,log2,200.0,100,1.7382917404174805,0.045714616775512695,-17.693430714285714,0.0,-35.97536500000001,0.0,642
406,mae,5,log2,25.0,50,0.49957847595214844,0.012047529220581055,-18.567597142857142,0.0,-36.26794499999999,0.0,645
407,mae,5,log2,25.0,100,1.0199940204620361,0.028804302215576172,-17.879165000000004,0.0,-36.27446750000001,0.0,646
414,mae,5,log2,100.0,50,0.439408540725708,0.015193939208984375,-18.387855714285713,0.0,-36.3037,0.0,647
410,mae,5,log2,50.0,50,0.5646767616271973,0.014583349227905273,-18.387855714285713,0.0,-36.3037,0.0,647
418,mae,5,log2,200.0,50,0.8215656280517578,0.02813267707824707,-18.387855714285713,0.0,-36.3037,0.0,647
466,mae,10,log2,25.0,50,0.42629456520080566,0.012050867080688477,-16.03755,0.0,-38.03903,0.0,650
706,mae,50,log2,25.0,50,0.3805239200592041,0.013347864151000977,-16.056228571428573,0.0,-38.06303,0.0,651
526,mae,20,log2,25.0,50,0.4873628616333008,0.011022090911865234,-16.056228571428573,0.0,-38.06303,0.0,651
586,mae,30,log2,25.0,50,0.37619996070861816,0.012061834335327148,-16.056228571428573,0.0,-38.06303,0.0,651
646,mae,40,log2,25.0,50,0.4367537498474121,0.015964746475219727,-16.056228571428573,0.0,-38.06303,0.0,651
165,mse,20,log2,25.0,25,0.08008170127868652,0.009248733520507812,-15.496094581078063,0.0,-38.2000469893376,0.0,655
345,mse,50,log2,25.0,25,0.1991121768951416,0.021308422088623047,-15.496094581078063,0.0,-38.2000469893376,0.0,655
225,mse,30,log2,25.0,25,0.07602286338806152,0.006287813186645508,-15.496094581078063,0.0,-38.2000469893376,0.0,655
285,mse,40,log2,25.0,25,0.12646269798278809,0.013524532318115234,-15.496094581078063,0.0,-38.2000469893376,0.0,655
105,mse,10,log2,25.0,25,0.07513022422790527,0.008003473281860352,-15.496094581078063,0.0,-38.2000469893376,0.0,655
465,mae,10,log2,25.0,25,0.21911358833312988,0.00808095932006836,-16.806134285714283,0.0,-38.29224,0.0,660
525,mae,20,log2,25.0,25,0.19193601608276367,0.008087873458862305,-16.840205714285716,0.0,-38.34273999999999,0.0,661
585,mae,30,log2,25.0,25,0.19449758529663086,0.008051156997680664,-16.840205714285716,0.0,-38.34273999999999,0.0,661
705,mae,50,log2,25.0,25,0.193342924118042,0.007971763610839844,-16.840205714285716,0.0,-38.34273999999999,0.0,661
645,mae,40,log2,25.0,25,0.2610630989074707,0.008018970489501953,-16.840205714285716,0.0,-38.34273999999999,0.0,661
45,mse,5,log2,25.0,25,0.10142207145690918,0.007994651794433594,-18.15130769462013,0.0,-39.11279316589279,0.0,665
236,mse,30,log2,200.0,10,0.04019784927368164,0.006194114685058594,-7.3636297784294165,0.0,-39.556894642857145,0.0,666
176,mse,20,log2,200.0,10,0.08316445350646973,0.014450788497924805,-7.3636297784294165,0.0,-39.556894642857145,0.0,666
296,mse,40,log2,200.0,10,0.10017061233520508,0.014129877090454102,-7.3636297784294165,0.0,-39.556894642857145,0.0,666
356,mse,50,log2,200.0,10,0.09362268447875977,0.014878273010253906,-7.3636297784294165,0.0,-39.556894642857145,0.0,666
49,mse,5,log2,50.0,25,0.11804556846618652,0.016109228134155273,-17.85471658843863,0.0,-39.71548689532957,0.0,670
53,mse,5,log2,100.0,25,0.09653520584106445,0.017661094665527344,-17.85471658843863,0.0,-39.71548689532957,0.0,670
57,mse,5,log2,200.0,25,0.0747528076171875,0.008016824722290039,-17.85471658843863,0.0,-39.71548689532957,0.0,670
172,mse,20,log2,100.0,10,0.03991270065307617,0.006235837936401367,-9.16066202845737,0.0,-40.17447266343335,0.0,673
292,mse,40,log2,100.0,10,0.12421584129333496,0.014163732528686523,-9.16066202845737,0.0,-40.17447266343335,0.0,673
232,mse,30,log2,100.0,10,0.035807132720947266,0.008111953735351562,-9.16066202845737,0.0,-40.17447266343335,0.0,673
352,mse,50,log2,100.0,10,0.09297466278076172,0.011523008346557617,-9.16066202845737,0.0,-40.17447266343335,0.0,673
460,mae,10,log2,,10,0.10256075859069824,0.004018545150756836,-9.018757142857144,0.0,-40.32625,0.0,677
116,mse,10,log2,200.0,10,0.03925681114196777,0.007984638214111328,-7.705710497608416,0.0,-41.038184394078144,0.0,678
40,mse,5,log2,,10,0.07323336601257324,0.019908905029296875,-18.19260029217945,0.0,-41.4139915368626,0.0,679
401,mae,5,log2,,25,0.25032591819763184,0.00707554817199707,-18.578899999999997,0.0,-41.81915999999999,0.0,680
112,mse,10,log2,100.0,10,0.038071632385253906,0.008025646209716797,-8.966313687578449,0.0,-41.8323158324354,0.0,681
108,mse,10,log2,50.0,10,0.03627896308898926,0.004012107849121094,-12.532315981197877,0.0,-42.16953389057919,0.0,682
168,mse,20,log2,50.0,10,0.06240415573120117,0.008015155792236328,-12.620195083977537,0.0,-42.16953389057919,0.0,682
348,mse,50,log2,50.0,10,0.08496785163879395,0.016242027282714844,-12.620195083977537,0.0,-42.16953389057919,0.0,682
288,mse,40,log2,50.0,10,0.06119966506958008,0.007409811019897461,-12.620195083977537,0.0,-42.16953389057919,0.0,682
228,mse,30,log2,50.0,10,0.03861546516418457,0.004138469696044922,-12.620195083977537,0.0,-42.16953389057919,0.0,682
596,mae,30,log2,200.0,10,0.10439229011535645,0.00804591178894043,-7.554385714285714,0.0,-42.20804999999999,0.0,687
536,mae,20,log2,200.0,10,0.10546112060546875,0.008120298385620117,-7.554385714285714,0.0,-42.20804999999999,0.0,687
656,mae,40,log2,200.0,10,0.182570219039917,0.013280868530273438,-7.554385714285714,0.0,-42.20804999999999,0.0,687
716,mae,50,log2,200.0,10,0.12513327598571777,0.004027843475341797,-7.554385714285714,0.0,-42.20804999999999,0.0,687
592,mae,30,log2,100.0,10,0.0962824821472168,0.009274721145629883,-9.48905,0.0,-42.99239999999999,0.0,691
652,mae,40,log2,100.0,10,0.17685985565185547,0.00969839096069336,-9.48905,0.0,-42.99239999999999,0.0,691
712,mae,50,log2,100.0,10,0.17859673500061035,0.007988691329956055,-9.48905,0.0,-42.99239999999999,0.0,691
532,mae,20,log2,100.0,10,0.09876370429992676,0.0062558650970458984,-9.48905,0.0,-42.99239999999999,0.0,691
476,mae,10,log2,200.0,10,0.10434818267822266,0.004021167755126953,-8.286242857142858,0.0,-43.337374999999994,0.0,695
528,mae,20,log2,50.0,10,0.08974337577819824,0.008010625839233398,-12.783007142857143,0.0,-43.61277499999999,0.0,696
648,mae,40,log2,50.0,10,0.0881800651550293,0.00804758071899414,-12.783007142857143,0.0,-43.61277499999999,0.0,696
588,mae,30,log2,50.0,10,0.19434738159179688,0.008121252059936523,-12.783007142857143,0.0,-43.61277499999999,0.0,696
708,mae,50,log2,50.0,10,0.08866143226623535,0.008045196533203125,-12.783007142857143,0.0,-43.61277499999999,0.0,696
472,mae,10,log2,100.0,10,0.09244990348815918,0.008054494857788086,-9.78895,0.0,-43.92359999999999,0.0,700
468,mae,10,log2,50.0,10,0.08542084693908691,0.008023262023925781,-12.642907142857142,0.0,-44.589375,0.0,701
284,mse,40,log2,25.0,10,0.08858823776245117,0.008008241653442383,-17.248779307848988,0.0,-45.045506593468964,0.0,702
164,mse,20,log2,25.0,10,0.03709816932678223,0.004180908203125,-17.248779307848988,0.0,-45.045506593468964,0.0,702
344,mse,50,log2,25.0,10,0.08450031280517578,0.016148090362548828,-17.248779307848988,0.0,-45.045506593468964,0.0,702
224,mse,30,log2,25.0,10,0.03611898422241211,0.008046150207519531,-17.248779307848988,0.0,-45.045506593468964,0.0,702
104,mse,10,log2,25.0,10,0.032212018966674805,0.008025407791137695,-17.248779307848988,0.0,-45.045506593468964,0.0,702
644,mae,40,log2,25.0,10,0.14568209648132324,0.012000799179077148,-17.921835714285713,0.0,-46.337425,0.0,707
584,mae,30,log2,25.0,10,0.11344099044799805,0.008774995803833008,-17.921835714285713,0.0,-46.337425,0.0,707
464,mae,10,log2,25.0,10,0.0803220272064209,0.008040428161621094,-17.921835714285713,0.0,-46.337425,0.0,707
704,mae,50,log2,25.0,10,0.08013653755187988,0.008026361465454102,-17.921835714285713,0.0,-46.337425,0.0,707
524,mae,20,log2,25.0,10,0.08097219467163086,0.0040209293365478516,-17.921835714285713,0.0,-46.337425,0.0,707
404,mae,5,log2,25.0,10,0.09812808036804199,0.006192445755004883,-21.859164285714286,0.0,-47.216375,0.0,712
408,mae,5,log2,50.0,10,0.1474590301513672,0.00933527946472168,-21.766221428571427,0.0,-47.82782499999999,0.0,713
416,mae,5,log2,200.0,10,0.1263904571533203,0.018856048583984375,-21.766221428571427,0.0,-47.82782499999999,0.0,713
412,mae,5,log2,100.0,10,0.0778498649597168,0.008032798767089844,-21.766221428571427,0.0,-47.82782499999999,0.0,713
48,mse,5,log2,50.0,10,0.03228497505187988,0.003997087478637695,-18.82358127994882,0.0,-48.14417726647658,0.0,716
56,mse,5,log2,200.0,10,0.03655648231506348,0.004180431365966797,-18.82358127994882,0.0,-48.14417726647658,0.0,716
52,mse,5,log2,100.0,10,0.03440713882446289,0.004014492034912109,-18.82358127994882,0.0,-48.14417726647658,0.0,716
44,mse,5,log2,25.0,10,0.05765414237976074,0.012057781219482422,-19.150473075535423,0.0,-48.57808003954824,0.0,719
400,mae,5,log2,,10,0.13276457786560059,0.008994340896606445,-23.085092857142858,0.0,-53.742574999999995,0.0,720
